timestamp,cpu_usage,memory_usage,net_io,disk_io,cloud_provider,region,vm_type,vCPU,RAM_GB,price_per_hour,target,latency_ms,throughput,utilization,cost
1/1/2024 0:00,43.71,95.56,379.4,638.79,Azure,us-east,t2.micro,1,1,0.0116,scale_up,228.02,1380.99,69.64,0.0174
1/1/2024 0:05,15.23,87.96,320.5,737.27,Azure,us-west,t2.micro,1,1,0.0116,scale_up,243.71,1059.03,51.59,0.0174
1/1/2024 0:10,26.36,26.51,186.91,572.28,AWS,us-east,B1s,1,1,0.012,scale_down,256.32,500.59,26.44,0.018
1/1/2024 0:15,65.07,22.55,181.47,429.73,AWS,asia-south,B1s,1,1,0.012,no_action,270.85,864.91,43.81,0.018
1/1/2024 0:20,27.97,56.28,316.59,141.81,Azure,us-east,B1s,1,1,0.012,no_action,246.37,861.28,42.12,0.018
1/1/2024 0:25,15.85,95.4,484.53,827.56,GCP,us-east,t2.micro,1,1,0.0116,scale_up,238.37,1097.92,55.62,0.0174
1/1/2024 0:30,71.58,49.61,104.92,545.66,AWS,us-east,t2.micro,1,1,0.0116,no_action,247.63,1150.86,60.59,0.0174
1/1/2024 0:35,38.05,56.81,296.02,266.37,Azure,asia-south,t2.micro,1,1,0.0116,no_action,259.95,957.17,47.43,0.0174
1/1/2024 0:40,17.96,27.64,70.35,392.8,Azure,us-east,B1s,1,1,0.012,scale_down,262.41,420.01,22.8,0.018
1/1/2024 0:45,84.59,42.11,176.42,588.43,Azure,asia-south,B1s,1,1,0.012,no_action,239.89,1247.75,63.35,0.018
1/1/2024 0:50,16.71,98.82,397.51,278.84,GCP,us-east,n1-standard-1,1,3.75,0.0475,scale_up,252.54,1201.86,57.77,0.1366
1/1/2024 0:55,79.41,16.66,211.31,204.28,Azure,us-west,t2.micro,1,1,0.0116,no_action,255.28,1009.48,48.03,0.0174
1/1/2024 1:00,39.78,15.72,189.94,392.66,AWS,asia-south,n1-standard-1,1,3.75,0.0475,no_action,280.38,622.81,27.75,0.1366
1/1/2024 1:05,89.85,52.5,103.82,741.92,GCP,us-west,t2.micro,1,1,0.0116,scale_up,232.44,1500.4,71.17,0.0174
1/1/2024 1:10,79.39,54.44,285.23,484.79,AWS,us-west,t2.micro,1,1,0.0116,no_action,233.96,1323.35,66.91,0.0174
1/1/2024 1:15,38.29,55.77,458.4,324.36,AWS,us-west,t2.micro,1,1,0.0116,no_action,267.75,914.69,47.03,0.0174
1/1/2024 1:20,30.59,16.93,180.39,245.1,GCP,us-west,B1s,1,1,0.012,no_action,285.39,491.64,23.76,0.018
1/1/2024 1:25,82.33,26.79,451.65,585.41,GCP,us-east,B1s,1,1,0.012,no_action,238.42,1074.82,54.56,0.018
1/1/2024 1:30,30.51,48.44,418.11,874.66,GCP,asia-south,t2.micro,1,1,0.0116,no_action,260.58,777.77,39.48,0.0174
1/1/2024 1:35,47.57,29.99,103.94,403.85,GCP,us-east,B1s,1,1,0.012,no_action,259.61,795.8,38.78,0.018
1/1/2024 1:40,56.69,73.27,213.63,974.6,GCP,asia-south,B1s,1,1,0.012,no_action,215.83,1298.27,64.98,0.018
1/1/2024 1:45,35.64,13.32,324.3,552.41,GCP,asia-south,t2.micro,1,1,0.0116,no_action,273.6,504.68,24.48,0.0174
1/1/2024 1:50,23.04,54.05,493.54,317.85,Azure,us-east,t2.micro,1,1,0.0116,no_action,272.88,808.5,38.55,0.0174
1/1/2024 1:55,31.39,75.54,215.5,669.08,Azure,us-east,n1-standard-1,1,3.75,0.0475,no_action,252.4,1178.82,53.47,0.1366
1/1/2024 2:00,18.13,85.18,194.35,267.87,AWS,us-east,t2.micro,1,1,0.0116,scale_up,249.34,1007.93,51.66,0.0174
1/1/2024 2:05,70.98,11.49,280.44,303.85,GCP,us-west,n1-standard-1,1,3.75,0.0475,no_action,248.14,848.38,41.23,0.1366
1/1/2024 2:10,72.18,44.81,471.53,223.77,Azure,us-west,t2.micro,1,1,0.0116,no_action,233.67,1153.8,58.5,0.0174
1/1/2024 2:15,93.22,88.96,166.07,693.99,GCP,us-west,t2.micro,1,1,0.0116,scale_up,211.18,1887.16,91.09,0.0174
1/1/2024 2:20,57.67,31.77,91.9,907.49,Azure,us-west,B1s,1,1,0.012,no_action,257.88,933.49,44.72,0.018
1/1/2024 2:25,40.51,41.43,376.68,907.4,Azure,asia-south,t2.micro,1,1,0.0116,no_action,261.53,836.72,40.97,0.0174
1/1/2024 2:30,67.78,17.57,122.73,908.7,Azure,asia-south,t2.micro,1,1,0.0116,no_action,260.26,817.78,42.67,0.0174
1/1/2024 2:35,10.46,24.47,296.93,722.71,Azure,asia-south,t2.micro,1,1,0.0116,scale_down,270.62,382.13,17.46,0.0174
1/1/2024 2:40,74.1,31.35,196.43,771.84,AWS,us-west,n1-standard-1,1,3.75,0.0475,no_action,256.91,1075.14,52.72,0.1366
1/1/2024 2:45,69.19,61.15,92.15,430.94,GCP,asia-south,B1s,1,1,0.012,no_action,225.93,1262.61,65.17,0.018
1/1/2024 2:50,97.57,45.38,451.42,668.02,Azure,us-east,B1s,1,1,0.012,scale_up,228.66,1502.18,71.47,0.018
1/1/2024 2:55,61.92,54.33,137.86,750.21,GCP,us-east,t2.micro,1,1,0.0116,no_action,231.17,1186.62,58.12,0.0174
1/1/2024 3:00,94.64,95.85,461.69,433.14,AWS,us-west,n1-standard-1,1,3.75,0.0475,scale_up,209.49,1901.26,95.25,0.1366
1/1/2024 3:05,96.73,86.77,182.5,446.59,GCP,us-east,t2.micro,1,1,0.0116,scale_up,203.78,1877.82,91.75,0.0174
1/1/2024 3:10,25.25,60.11,471.27,726.43,Azure,asia-south,n1-standard-1,1,3.75,0.0475,no_action,248.48,861.29,42.68,0.1366
1/1/2024 3:15,65.35,99.1,113.04,566.5,AWS,asia-south,n1-standard-1,1,3.75,0.0475,scale_up,221.35,1672.54,82.22,0.1366
1/1/2024 3:20,72.73,73.22,211.77,364.23,GCP,asia-south,n1-standard-1,1,3.75,0.0475,no_action,232.18,1485.19,72.97,0.1366
1/1/2024 3:25,88.04,92.19,280.1,551.36,AWS,us-west,t2.micro,1,1,0.0116,scale_up,215.59,1859.08,90.12,0.0174
1/1/2024 3:30,73.18,81.62,450.5,404.2,AWS,asia-south,B1s,1,1,0.012,no_action,214.87,1536.16,77.4,0.018
1/1/2024 3:35,62.05,13.23,259.52,588.38,Azure,us-west,B1s,1,1,0.012,no_action,269.22,672.16,37.64,0.018
1/1/2024 3:40,12.75,13.36,420.17,424.17,Azure,us-west,B1s,1,1,0.012,scale_down,287.59,207.21,13.05,0.018
1/1/2024 3:45,79.3,29.42,330.3,176.81,GCP,us-west,t2.micro,1,1,0.0116,no_action,246.1,1054.62,54.36,0.0174
1/1/2024 3:50,58.66,67.37,376.74,978.27,AWS,asia-south,n1-standard-1,1,3.75,0.0475,no_action,216.73,1269.62,63.02,0.1366
1/1/2024 3:55,81.57,34.37,247.54,170.61,AWS,us-east,t2.micro,1,1,0.0116,no_action,247.08,1202.69,57.97,0.0174
1/1/2024 4:00,46.81,25.6,120.4,325.22,AWS,asia-south,t2.micro,1,1,0.0116,no_action,281.45,744.35,36.2,0.0174
1/1/2024 4:05,69.42,35.19,479.69,764.11,Azure,us-west,B1s,1,1,0.012,no_action,268.92,1097.72,52.3,0.018
1/1/2024 4:10,47.76,32.3,210.19,782.06,AWS,us-west,n1-standard-1,1,3.75,0.0475,no_action,264.41,839.33,40.03,0.1366
1/1/2024 4:15,52.68,18.81,271.23,526.12,Azure,us-west,B1s,1,1,0.012,no_action,261.73,652.51,35.74,0.018
1/1/2024 4:20,45.87,65.43,335.79,140.77,GCP,asia-south,t2.micro,1,1,0.0116,no_action,258.76,1041.21,55.65,0.0174
1/1/2024 4:25,55.28,87.08,346.41,246.64,Azure,asia-south,t2.micro,1,1,0.0116,scale_up,230.81,1393.59,71.18,0.0174
1/1/2024 4:30,12.39,62.72,473.1,617.93,Azure,asia-south,n1-standard-1,1,3.75,0.0475,no_action,278.31,689.21,37.55,0.1366
1/1/2024 4:35,51.24,59.11,473.66,447.49,Azure,us-west,t2.micro,1,1,0.0116,no_action,247.63,1072.37,55.17,0.0174
1/1/2024 4:40,16.41,38.71,430.19,120.94,GCP,us-west,t2.micro,1,1,0.0116,no_action,266.55,593.68,27.56,0.0174
1/1/2024 4:45,20.63,72.71,333.02,889.72,GCP,us-east,B1s,1,1,0.012,no_action,261.46,964.88,46.67,0.018
1/1/2024 4:50,35.38,25.97,387.78,826.15,Azure,us-west,B1s,1,1,0.012,no_action,269.12,619.37,30.68,0.018
1/1/2024 4:55,43.48,79.88,203.36,937.68,AWS,asia-south,t2.micro,1,1,0.0116,no_action,236.14,1288.54,61.68,0.0174
1/1/2024 5:00,77.58,77.91,96.41,912.3,Azure,us-west,B1s,1,1,0.012,no_action,235.31,1555.95,77.75,0.018
1/1/2024 5:05,38.8,90.6,225.14,109.75,Azure,asia-south,t2.micro,1,1,0.0116,scale_up,238.54,1287.49,64.7,0.0174
1/1/2024 5:10,95.55,61.61,334.33,503.6,AWS,us-west,t2.micro,1,1,0.0116,scale_up,211.36,1510.89,78.58,0.0174
1/1/2024 5:15,70.53,77.71,406.21,810.66,Azure,asia-south,t2.micro,1,1,0.0116,no_action,225.76,1437.54,74.12,0.0174
1/1/2024 5:20,15.18,59.46,248.69,898.93,Azure,us-west,n1-standard-1,1,3.75,0.0475,no_action,254.43,730.33,37.32,0.1366
1/1/2024 5:25,22.87,78.54,328.2,191.01,AWS,us-east,n1-standard-1,1,3.75,0.0475,no_action,251.74,988.75,50.71,0.1366
1/1/2024 5:30,16.55,83.97,367.81,173.21,GCP,us-east,t2.micro,1,1,0.0116,no_action,235.26,934.83,50.26,0.0174
1/1/2024 5:35,83.15,95.25,493.7,778.04,AWS,asia-south,t2.micro,1,1,0.0116,scale_up,203.62,1773.33,89.2,0.0174
1/1/2024 5:40,79.94,60.26,240.9,915.72,AWS,asia-south,n1-standard-1,1,3.75,0.0475,no_action,229.71,1351.87,70.1,0.1366
1/1/2024 5:45,11.02,52.18,75.34,206.94,AWS,asia-south,t2.micro,1,1,0.0116,no_action,271.63,590.64,31.6,0.0174
1/1/2024 5:50,77.14,62.5,482.98,437.38,AWS,asia-south,n1-standard-1,1,3.75,0.0475,no_action,237.08,1376.34,69.82,0.1366
1/1/2024 5:55,30.12,96.69,55.47,972.89,Azure,us-east,n1-standard-1,1,3.75,0.0475,scale_up,238.84,1268.73,63.41,0.1366
1/1/2024 6:00,16.64,59.85,486.19,570.79,Azure,asia-south,n1-standard-1,1,3.75,0.0475,no_action,276.27,812.86,38.25,0.1366
1/1/2024 6:05,50.91,66.48,312.94,911.04,AWS,asia-south,B1s,1,1,0.012,no_action,263.2,1133.49,58.7,0.018
1/1/2024 6:10,34.96,26.93,258.66,418.02,Azure,us-east,B1s,1,1,0.012,no_action,261.46,626.42,30.95,0.018
1/1/2024 6:15,97.7,98.76,364.17,582.49,GCP,us-west,B1s,1,1,0.012,scale_up,211.27,1935.75,98.23,0.018
1/1/2024 6:20,71.63,24.64,459.92,840.28,Azure,us-west,n1-standard-1,1,3.75,0.0475,no_action,238.66,1054.27,48.13,0.1366
1/1/2024 6:25,93.95,87.95,70.35,123.73,Azure,us-west,t2.micro,1,1,0.0116,scale_up,220.84,1795.54,90.95,0.0174
1/1/2024 6:30,98.85,23.54,317.36,442.8,AWS,us-east,t2.micro,1,1,0.0116,scale_up,237.66,1285.79,61.19,0.0174
1/1/2024 6:35,47.33,34.61,75.37,878.25,GCP,us-east,B1s,1,1,0.012,no_action,259.08,821.75,40.97,0.018
1/1/2024 6:40,79.21,95.03,432.34,322.61,Azure,us-east,B1s,1,1,0.012,scale_up,202.2,1735.28,87.12,0.018
1/1/2024 6:45,95.86,64.56,152.89,704.53,AWS,us-east,t2.micro,1,1,0.0116,scale_up,204.45,1668.08,80.21,0.0174
1/1/2024 6:50,20.22,70.44,284.14,795.09,Azure,asia-south,t2.micro,1,1,0.0116,no_action,266.46,909.98,45.33,0.0174
1/1/2024 6:55,59.67,60.48,444.49,463.13,AWS,us-east,t2.micro,1,1,0.0116,no_action,246.38,1269.93,60.08,0.0174
1/1/2024 7:00,73.37,29.17,111.37,113.09,GCP,us-east,B1s,1,1,0.012,no_action,259.31,937.46,51.27,0.018
1/1/2024 7:05,45.3,49.37,456.87,413.43,AWS,us-west,B1s,1,1,0.012,no_action,267.69,950.4,47.33,0.018
1/1/2024 7:10,45.69,65.99,438.06,954.57,GCP,us-east,B1s,1,1,0.012,no_action,227.13,1114.02,55.84,0.018
1/1/2024 7:15,51.32,98.2,271.68,395.88,AWS,asia-south,B1s,1,1,0.012,scale_up,212.2,1528.68,74.76,0.018
1/1/2024 7:20,16.83,21.6,107.62,236.71,Azure,us-west,t2.micro,1,1,0.0116,scale_down,284.45,337.31,19.21,0.0174
1/1/2024 7:25,26.37,41.11,453.55,526.57,GCP,us-west,t2.micro,1,1,0.0116,no_action,256.4,700,33.74,0.0174
1/1/2024 7:30,27.31,13.68,126.02,350.73,AWS,us-east,B1s,1,1,0.012,scale_down,278.43,358.14,20.49,0.018
1/1/2024 7:35,28.57,42.78,276.54,721.36,GCP,us-west,n1-standard-1,1,3.75,0.0475,no_action,257.33,724.2,35.67,0.1366
1/1/2024 7:40,88.62,92.88,77.49,349.19,GCP,us-west,B1s,1,1,0.012,scale_up,215.39,1852.88,90.75,0.018
1/1/2024 7:45,26.61,28.84,216.71,536.07,AWS,asia-south,B1s,1,1,0.012,scale_down,257.12,622.84,27.73,0.018
1/1/2024 7:50,51.63,77.27,66.51,327.19,Azure,us-east,t2.micro,1,1,0.0116,no_action,241.32,1304.56,64.45,0.0174
1/1/2024 7:55,56.05,57.89,98.23,502.67,GCP,asia-south,n1-standard-1,1,3.75,0.0475,no_action,226.97,1149.57,56.97,0.1366
1/1/2024 8:00,34.23,43.96,59.03,389.87,AWS,us-east,t2.micro,1,1,0.0116,no_action,254.44,727.82,39.09,0.0174
1/1/2024 8:05,20.78,90.15,317.12,711.19,AWS,asia-south,n1-standard-1,1,3.75,0.0475,scale_up,244.46,1183.3,55.47,0.1366
1/1/2024 8:10,17.82,58.34,314.08,770.9,AWS,us-west,t2.micro,1,1,0.0116,no_action,251.55,752.08,38.08,0.0174
1/1/2024 8:15,35.54,42.68,340.66,613.7,GCP,us-west,t2.micro,1,1,0.0116,no_action,246.9,810.35,39.11,0.0174
1/1/2024 8:20,19.16,23.76,160.68,244.61,AWS,us-west,B1s,1,1,0.012,scale_down,272.62,386,21.46,0.018
1/1/2024 8:25,25.6,90.71,86.11,572.06,AWS,us-east,B1s,1,1,0.012,scale_up,244.55,1160.59,58.16,0.018
1/1/2024 8:30,20.08,45.81,486.26,878.96,Azure,us-east,t2.micro,1,1,0.0116,no_action,261.29,696.67,32.95,0.0174
1/1/2024 8:35,25.38,70.18,468.22,601.09,AWS,us-east,n1-standard-1,1,3.75,0.0475,no_action,235.53,982.77,47.78,0.1366
1/1/2024 8:40,79.25,26.83,195.66,482.89,GCP,us-west,t2.micro,1,1,0.0116,no_action,230.68,1063.2,53.04,0.0174
1/1/2024 8:45,20.34,64.96,179.88,623.11,GCP,us-east,t2.micro,1,1,0.0116,no_action,256.69,792.45,42.65,0.0174
1/1/2024 8:50,57.93,14.66,201.47,220.97,GCP,us-east,n1-standard-1,1,3.75,0.0475,no_action,273.77,697.06,36.3,0.1366
1/1/2024 8:55,32.92,71.34,392.1,636.07,GCP,us-west,n1-standard-1,1,3.75,0.0475,no_action,223.15,1002.76,52.13,0.1366
1/1/2024 9:00,41.4,93.66,423.78,968.52,GCP,asia-south,B1s,1,1,0.012,scale_up,236.18,1320.4,67.53,0.018
1/1/2024 9:05,94.45,26.31,79.92,767.01,Azure,asia-south,B1s,1,1,0.012,scale_up,251.3,1220.32,60.38,0.018
1/1/2024 9:10,22.58,81.57,140.73,247.29,GCP,us-east,t2.micro,1,1,0.0116,no_action,251.87,1020.45,52.07,0.0174
1/1/2024 9:15,69.87,57.08,211.47,889.48,GCP,us-east,t2.micro,1,1,0.0116,no_action,248.54,1249.1,63.48,0.0174
1/1/2024 9:20,49.52,43.92,258.21,371.24,Azure,asia-south,B1s,1,1,0.012,no_action,253.46,1018.22,46.72,0.018
1/1/2024 9:25,30.9,90.96,222.75,589.2,AWS,asia-south,n1-standard-1,1,3.75,0.0475,scale_up,241.43,1257.14,60.93,0.1366
1/1/2024 9:30,20.52,94.58,332.47,401.42,AWS,us-east,B1s,1,1,0.012,scale_up,245.83,1130.24,57.55,0.018
1/1/2024 9:35,65.81,58.01,452.25,809.74,GCP,asia-south,B1s,1,1,0.012,no_action,233.5,1195.71,61.91,0.018
1/1/2024 9:40,32.36,76.96,65.09,612.9,AWS,us-east,B1s,1,1,0.012,no_action,250.13,1109.88,54.66,0.018
1/1/2024 9:45,40.79,83.91,99.78,861.81,AWS,us-east,t2.micro,1,1,0.0116,no_action,234.95,1198.06,62.35,0.0174
1/1/2024 9:50,81.76,23.49,153.16,750.03,Azure,us-east,B1s,1,1,0.012,no_action,256.07,1120.28,52.62,0.018
1/1/2024 9:55,72.46,58.85,163.31,411.13,AWS,us-west,t2.micro,1,1,0.0116,no_action,216.56,1387.9,65.66,0.0174
1/1/2024 10:00,51.58,95.26,119.01,627.61,Azure,us-east,B1s,1,1,0.012,scale_up,251.04,1474.86,73.42,0.018
1/1/2024 10:05,11.63,88.49,469.45,608.62,Azure,us-east,B1s,1,1,0.012,scale_up,254.75,1012.39,50.06,0.018
1/1/2024 10:10,73.65,23.73,309.33,646.04,AWS,us-west,B1s,1,1,0.012,no_action,267.24,948.24,48.69,0.018
1/1/2024 10:15,94.09,93.3,252.88,201.91,Azure,asia-south,B1s,1,1,0.012,scale_up,206.86,1928.61,93.69,0.018
1/1/2024 10:20,63.21,45.91,74.64,401.68,GCP,us-west,t2.micro,1,1,0.0116,no_action,235.32,1008.46,54.56,0.0174
1/1/2024 10:25,58.37,92.79,205.86,412.26,Azure,asia-south,n1-standard-1,1,3.75,0.0475,scale_up,221.06,1595.05,75.58,0.1366
1/1/2024 10:30,30.21,50.72,113.39,258.75,AWS,us-west,n1-standard-1,1,3.75,0.0475,no_action,232.57,806.59,40.47,0.1366
1/1/2024 10:35,92.34,42.62,311.26,669.04,AWS,asia-south,B1s,1,1,0.012,scale_up,229.83,1294.27,67.48,0.018
1/1/2024 10:40,17.68,99.72,275.99,635.85,GCP,us-west,n1-standard-1,1,3.75,0.0475,scale_up,241.44,1172.79,58.7,0.1366
1/1/2024 10:45,28.89,90.82,142.31,271.62,AWS,us-east,n1-standard-1,1,3.75,0.0475,scale_up,239.82,1169.93,59.85,0.1366
1/1/2024 10:50,60.84,15.91,398.99,507.96,Azure,asia-south,t2.micro,1,1,0.0116,no_action,235.12,822.08,38.38,0.0174
1/1/2024 10:55,46.07,60.37,119.86,263.74,AWS,asia-south,t2.micro,1,1,0.0116,no_action,232.7,1025.51,53.22,0.0174
1/1/2024 11:00,67.96,46.79,61.42,240.54,Azure,us-west,t2.micro,1,1,0.0116,no_action,251.98,1211.08,57.38,0.0174
1/1/2024 11:05,12.44,29.98,153.98,704.7,GCP,us-east,t2.micro,1,1,0.0116,scale_down,273.54,448.67,21.21,0.0174
1/1/2024 11:10,68.75,31.44,94.75,318.85,GCP,us-west,t2.micro,1,1,0.0116,no_action,257.01,1024.11,50.09,0.0174
1/1/2024 11:15,84.72,45.75,350.64,284.49,GCP,asia-south,B1s,1,1,0.012,no_action,240.7,1289.22,65.23,0.018
1/1/2024 11:20,11.17,17.7,143.55,123.88,GCP,asia-south,B1s,1,1,0.012,scale_down,288.83,226.14,14.43,0.018
1/1/2024 11:25,47.93,90.34,417.85,407.64,Azure,us-east,B1s,1,1,0.012,scale_up,223.82,1312.28,69.14,0.018
1/1/2024 11:30,63.13,34.13,330.87,468.47,Azure,us-west,B1s,1,1,0.012,no_action,230.55,1057.42,48.63,0.018
1/1/2024 11:35,36.5,95.36,393.62,226.1,AWS,us-east,n1-standard-1,1,3.75,0.0475,scale_up,233.69,1373.77,65.93,0.1366
1/1/2024 11:40,90.51,81.99,241.35,120.22,AWS,us-east,B1s,1,1,0.012,scale_up,216.83,1639.49,86.25,0.018
1/1/2024 11:45,67.01,33.21,112.71,851.44,Azure,us-east,n1-standard-1,1,3.75,0.0475,no_action,250.07,1019.58,50.11,0.1366
1/1/2024 11:50,25.45,34.51,58.28,922.87,GCP,asia-south,t2.micro,1,1,0.0116,no_action,271.98,550.68,29.98,0.0174
1/1/2024 11:55,34.66,59.88,343.14,846.77,Azure,us-west,t2.micro,1,1,0.0116,no_action,255.29,994.53,47.27,0.0174
1/1/2024 12:00,64.05,69.85,128.92,922.97,Azure,asia-south,n1-standard-1,1,3.75,0.0475,no_action,214.64,1275.02,66.95,0.1366
1/1/2024 12:05,56.7,14.23,124.83,764.23,Azure,us-west,n1-standard-1,1,3.75,0.0475,no_action,266.4,671.53,35.47,0.1366
1/1/2024 12:10,32.08,45.04,179.91,420.11,AWS,us-east,B1s,1,1,0.012,no_action,251.68,823.88,38.56,0.018
1/1/2024 12:15,60.98,52.84,348.65,943.15,GCP,us-west,t2.micro,1,1,0.0116,no_action,234.51,1173.22,56.91,0.0174
1/1/2024 12:20,12.81,33.6,317.79,146.28,AWS,us-west,t2.micro,1,1,0.0116,no_action,302.4,459.3,23.21,0.0174
1/1/2024 12:25,40.08,79.38,97.97,167.62,Azure,us-west,t2.micro,1,1,0.0116,no_action,239.92,1283.14,59.73,0.0174
1/1/2024 12:30,71.96,49.13,160.88,837.19,Azure,us-west,B1s,1,1,0.012,no_action,245.78,1259.53,60.55,0.018
1/1/2024 12:35,34.49,63.12,212.44,182.42,Azure,us-west,B1s,1,1,0.012,no_action,250.45,1007.13,48.8,0.018
1/1/2024 12:40,26.66,58.77,442.83,759,AWS,us-east,t2.micro,1,1,0.0116,no_action,262.88,908.34,42.72,0.0174
1/1/2024 12:45,72.3,86.43,162.35,540.48,Azure,us-east,B1s,1,1,0.012,scale_up,224.93,1597.68,79.37,0.018
1/1/2024 12:50,26.25,61.12,461.97,130.55,AWS,us-west,B1s,1,1,0.012,no_action,245.5,926.36,43.69,0.018
1/1/2024 12:55,93.2,97.4,474.92,526.79,Azure,us-east,n1-standard-1,1,3.75,0.0475,scale_up,204.98,1907.49,95.3,0.1366
1/1/2024 13:00,38.72,84.6,66.65,636.64,AWS,us-east,n1-standard-1,1,3.75,0.0475,no_action,234,1217.74,61.66,0.1366
1/1/2024 13:05,16.93,72.67,202.94,752.29,GCP,us-east,n1-standard-1,1,3.75,0.0475,no_action,253.33,874.01,44.8,0.1366
1/1/2024 13:10,58.55,81.17,193.44,663.3,AWS,asia-south,t2.micro,1,1,0.0116,no_action,232.81,1441.68,69.86,0.0174
1/1/2024 13:15,30.97,12.2,441.54,119.14,Azure,us-east,n1-standard-1,1,3.75,0.0475,no_action,279.24,484.97,21.59,0.1366
1/1/2024 13:20,94.52,81.89,499.07,415.64,Azure,us-west,B1s,1,1,0.012,scale_up,206.62,1834.57,88.2,0.018
1/1/2024 13:25,53.19,66.48,443.15,985.68,Azure,us-east,t2.micro,1,1,0.0116,no_action,235.71,1269.37,59.84,0.0174
1/1/2024 13:30,47.92,76.38,157.45,199.43,AWS,us-east,n1-standard-1,1,3.75,0.0475,no_action,224.41,1197.07,62.15,0.1366
1/1/2024 13:35,36.67,31.02,68.94,116.09,AWS,us-east,B1s,1,1,0.012,no_action,265.81,688.61,33.84,0.018
1/1/2024 13:40,44.59,71.17,148.21,954.97,GCP,us-west,B1s,1,1,0.012,no_action,251.96,1146.9,57.88,0.018
1/1/2024 13:45,95.03,52.07,326.04,250.33,Azure,us-east,n1-standard-1,1,3.75,0.0475,scale_up,228.11,1495.62,73.55,0.1366
1/1/2024 13:50,64.7,56.14,153.8,258.88,AWS,asia-south,t2.micro,1,1,0.0116,no_action,233.35,1180.63,60.42,0.0174
1/1/2024 13:55,80.16,41.51,76.03,972.19,GCP,us-east,n1-standard-1,1,3.75,0.0475,no_action,253.37,1188.16,60.83,0.1366
1/1/2024 14:00,72.64,23.85,417.12,302,AWS,us-east,n1-standard-1,1,3.75,0.0475,no_action,253.78,889.11,48.25,0.1366
1/1/2024 14:05,63.36,62.21,91.17,889.71,GCP,us-west,t2.micro,1,1,0.0116,no_action,231.09,1236.31,62.78,0.0174
1/1/2024 14:10,89.99,96.01,437.96,828.56,AWS,us-east,B1s,1,1,0.012,scale_up,213.59,1960.51,93,0.018
1/1/2024 14:15,17.83,46.76,217.71,333.78,AWS,us-west,n1-standard-1,1,3.75,0.0475,no_action,267.37,735.63,32.3,0.1366
1/1/2024 14:20,17.29,29.82,357.47,168.52,GCP,us-east,n1-standard-1,1,3.75,0.0475,scale_down,276.28,530.52,23.55,0.1366
1/1/2024 14:25,53.25,63.32,421.11,413.03,GCP,asia-south,B1s,1,1,0.012,no_action,248.53,1258.04,58.28,0.018
1/1/2024 14:30,34.03,89.08,408.84,692.61,GCP,asia-south,B1s,1,1,0.012,scale_up,246.65,1256.46,61.55,0.018
1/1/2024 14:35,72.77,71.21,328.38,777.44,GCP,us-east,t2.micro,1,1,0.0116,no_action,226.34,1447.14,71.99,0.0174
1/1/2024 14:40,40.16,76.92,122.34,836.17,GCP,us-east,B1s,1,1,0.012,no_action,241.75,1234.72,58.54,0.018
1/1/2024 14:45,10.57,35.83,327.62,983.07,GCP,us-east,t2.micro,1,1,0.0116,no_action,263.2,501.31,23.2,0.0174
1/1/2024 14:50,67.06,58.6,400.93,196.28,Azure,us-west,n1-standard-1,1,3.75,0.0475,no_action,239.66,1335.47,62.83,0.1366
1/1/2024 14:55,96.67,40.77,334.68,938.83,Azure,us-west,n1-standard-1,1,3.75,0.0475,scale_up,226.82,1384.1,68.72,0.1366
1/1/2024 15:00,37.09,73.74,80.31,623.95,Azure,asia-south,t2.micro,1,1,0.0116,no_action,256.54,1032.14,55.41,0.0174
1/1/2024 15:05,14.12,88.44,488.07,971.99,GCP,asia-south,t2.micro,1,1,0.0116,scale_up,243.13,1044.46,51.28,0.0174
1/1/2024 15:10,78.24,12.21,59.96,391.25,GCP,us-east,B1s,1,1,0.012,no_action,270.43,901.21,45.22,0.018
1/1/2024 15:15,71.5,50.13,173.13,997.41,GCP,us-east,B1s,1,1,0.012,no_action,224.7,1106.36,60.81,0.018
1/1/2024 15:20,24.73,81.53,362.16,298.69,Azure,asia-south,B1s,1,1,0.012,no_action,249.31,1034.4,53.13,0.018
1/1/2024 15:25,68.91,34.59,477.89,235.95,Azure,asia-south,B1s,1,1,0.012,no_action,254.75,1030.04,51.75,0.018
1/1/2024 15:30,47.78,67.47,228.92,346.79,AWS,us-west,n1-standard-1,1,3.75,0.0475,no_action,241.92,1164.67,57.62,0.1366
1/1/2024 15:35,90.47,30.7,145.9,128.02,AWS,asia-south,n1-standard-1,1,3.75,0.0475,scale_up,226.9,1283.89,60.59,0.1366
1/1/2024 15:40,87.79,52.59,485.69,266.97,Azure,us-west,B1s,1,1,0.012,scale_up,233.24,1426.64,70.19,0.018
1/1/2024 15:45,79.38,86.03,392.46,663.6,AWS,asia-south,n1-standard-1,1,3.75,0.0475,scale_up,219.26,1689.55,82.7,0.1366
1/1/2024 15:50,81.69,53.34,102.79,212.67,Azure,us-west,B1s,1,1,0.012,no_action,225.72,1440.35,67.52,0.018
1/1/2024 15:55,28.05,54.24,78.89,623.77,GCP,us-west,n1-standard-1,1,3.75,0.0475,no_action,267.26,790.27,41.15,0.1366
1/1/2024 16:00,37.93,50.97,55.23,165.2,Azure,us-west,B1s,1,1,0.012,no_action,251.03,767.81,44.45,0.018
1/1/2024 16:05,64,36.25,362.74,874.11,AWS,us-east,n1-standard-1,1,3.75,0.0475,no_action,240.21,1000.11,50.12,0.1366
1/1/2024 16:10,31.78,98.8,114.12,549,Azure,us-west,B1s,1,1,0.012,scale_up,249.74,1349.67,65.29,0.018
1/1/2024 16:15,60.37,10.88,196.91,565.94,Azure,us-east,B1s,1,1,0.012,no_action,261.9,678.4,35.62,0.018
1/1/2024 16:20,12.99,17.07,228.62,219.44,Azure,us-west,n1-standard-1,1,3.75,0.0475,scale_down,302.95,332.64,15.03,0.1366
1/1/2024 16:25,82.05,28.01,125.37,194.11,Azure,us-east,n1-standard-1,1,3.75,0.0475,no_action,258.96,1146.83,55.03,0.1366
1/1/2024 16:30,12.84,94.26,73.39,587.17,GCP,us-east,n1-standard-1,1,3.75,0.0475,scale_up,253.43,1090.67,53.55,0.1366
1/1/2024 16:35,74.27,82.16,202.75,833.34,Azure,asia-south,B1s,1,1,0.012,no_action,234.96,1574.18,78.22,0.018
1/1/2024 16:40,50.71,67.92,286.88,758.43,GCP,us-west,n1-standard-1,1,3.75,0.0475,no_action,234.17,1162.11,59.31,0.1366
1/1/2024 16:45,88.46,29.73,489.14,403.21,GCP,asia-south,t2.micro,1,1,0.0116,scale_up,246.13,1153.21,59.09,0.0174
1/1/2024 16:50,69.28,54.84,299.91,747.28,Azure,us-west,B1s,1,1,0.012,no_action,238.32,1247.2,62.06,0.018
1/1/2024 16:55,27.96,71.22,82.49,127.59,AWS,asia-south,t2.micro,1,1,0.0116,no_action,247.84,908.37,49.59,0.0174
1/1/2024 17:00,88.14,75.45,384.22,482.94,GCP,asia-south,B1s,1,1,0.012,scale_up,205.95,1562.68,81.8,0.018
1/1/2024 17:05,98.89,13.61,440.16,620.81,Azure,asia-south,n1-standard-1,1,3.75,0.0475,scale_up,260.59,1102.06,56.25,0.1366
1/1/2024 17:10,53.8,88.61,455.32,479.55,AWS,us-east,B1s,1,1,0.012,scale_up,235.32,1345.28,71.2,0.018
1/1/2024 17:15,92.11,28.96,330.33,668.4,GCP,us-east,t2.micro,1,1,0.0116,scale_up,233.21,1230.49,60.53,0.0174
1/1/2024 17:20,74.42,91.81,130.86,313.79,AWS,us-east,t2.micro,1,1,0.0116,scale_up,216.63,1720.94,83.12,0.0174
1/1/2024 17:25,32.25,88.37,250.39,563.34,AWS,us-west,B1s,1,1,0.012,scale_up,251.18,1119.21,60.31,0.018
1/1/2024 17:30,24.72,45.2,486.24,332.32,AWS,us-west,n1-standard-1,1,3.75,0.0475,no_action,252.09,757.24,34.96,0.1366
1/1/2024 17:35,79.61,21.78,486.42,508.41,Azure,asia-south,t2.micro,1,1,0.0116,no_action,250.07,949.75,50.7,0.0174
1/1/2024 17:40,40.33,84.6,243.9,323.84,Azure,asia-south,n1-standard-1,1,3.75,0.0475,no_action,252.54,1291.81,62.46,0.1366
1/1/2024 17:45,25.03,25.09,66.5,762.76,GCP,us-west,t2.micro,1,1,0.0116,scale_down,271.72,605.04,25.06,0.0174
1/1/2024 17:50,85.98,82.51,313.41,881.44,AWS,asia-south,B1s,1,1,0.012,scale_up,213.16,1675.08,84.25,0.018
1/1/2024 17:55,34.28,15.14,289.03,942.95,AWS,us-east,n1-standard-1,1,3.75,0.0475,no_action,282.62,490.16,24.71,0.1366
1/1/2024 18:00,38.45,55.65,68.71,233.51,AWS,us-east,B1s,1,1,0.012,no_action,262.11,958.32,47.05,0.018
1/1/2024 18:05,50.93,56.4,269.98,700.18,Azure,us-west,t2.micro,1,1,0.0116,no_action,257.42,1021.3,53.66,0.0174
1/1/2024 18:10,28.17,70.61,486.46,184.51,Azure,us-east,t2.micro,1,1,0.0116,no_action,244.37,1083.5,49.39,0.0174
1/1/2024 18:15,88.13,25.94,361.68,854.3,GCP,us-east,n1-standard-1,1,3.75,0.0475,scale_up,244.47,1158.95,57.03,0.1366
1/1/2024 18:20,54.75,65.61,441.01,613.55,Azure,asia-south,B1s,1,1,0.012,no_action,250.88,1262.95,60.18,0.018
1/1/2024 18:25,29.41,69.3,227.24,686.11,Azure,us-west,n1-standard-1,1,3.75,0.0475,no_action,253.67,949.39,49.35,0.1366
1/1/2024 18:30,99.95,14.34,489.73,466.22,Azure,asia-south,B1s,1,1,0.012,scale_up,246.07,1164,57.15,0.018
1/1/2024 18:35,61.03,76.46,445.33,463.73,GCP,asia-south,n1-standard-1,1,3.75,0.0475,no_action,243.15,1313.52,68.75,0.1366
1/1/2024 18:40,82.71,78.61,409.02,492.02,AWS,asia-south,n1-standard-1,1,3.75,0.0475,no_action,217.84,1619.48,80.66,0.1366
1/1/2024 18:45,59,10.52,196.06,429.82,GCP,us-west,t2.micro,1,1,0.0116,no_action,281.19,652.85,34.76,0.0174
1/1/2024 18:50,44.97,50.38,156.89,435.93,Azure,us-west,B1s,1,1,0.012,no_action,268.75,1003.99,47.67,0.018
1/1/2024 18:55,65.75,51.71,220.9,877,GCP,asia-south,t2.micro,1,1,0.0116,no_action,216.28,1289.15,58.73,0.0174
1/1/2024 19:00,12.31,40.71,221.09,458.94,GCP,us-west,t2.micro,1,1,0.0116,no_action,283.72,652.19,26.51,0.0174
1/1/2024 19:05,64.71,78.84,415.84,746.31,Azure,us-west,t2.micro,1,1,0.0116,no_action,235.81,1449.56,71.78,0.0174
1/1/2024 19:10,31.91,93.43,77.12,940.99,GCP,us-west,n1-standard-1,1,3.75,0.0475,scale_up,229.79,1239.37,62.67,0.1366
1/1/2024 19:15,53.73,33.11,178.19,376.56,Azure,us-east,t2.micro,1,1,0.0116,no_action,258.38,938,43.42,0.0174
1/1/2024 19:20,38.02,64.93,372.27,345.36,AWS,us-east,n1-standard-1,1,3.75,0.0475,no_action,238.7,1018.27,51.48,0.1366
1/1/2024 19:25,26.3,71.3,131.65,572.65,Azure,us-east,B1s,1,1,0.012,no_action,245.19,991.99,48.8,0.018
1/1/2024 19:30,61.06,33.09,483.32,535.19,AWS,us-east,n1-standard-1,1,3.75,0.0475,no_action,255.16,1009.71,47.08,0.1366
1/1/2024 19:35,13.91,66.98,478.13,641.45,GCP,us-west,B1s,1,1,0.012,no_action,260.04,810.93,40.45,0.018
1/1/2024 19:40,30.53,29.08,324.94,469.93,GCP,us-west,t2.micro,1,1,0.0116,no_action,257.76,561.45,29.8,0.0174
1/1/2024 19:45,80.25,34.73,420.18,481.36,AWS,us-west,n1-standard-1,1,3.75,0.0475,no_action,235.78,1163.75,57.49,0.1366
1/1/2024 19:50,66.15,50.66,313.97,251.21,Azure,asia-south,t2.micro,1,1,0.0116,no_action,247.93,1188.79,58.41,0.0174
1/1/2024 19:55,29.51,18.61,60.64,677.77,Azure,us-west,n1-standard-1,1,3.75,0.0475,scale_down,285.58,591.73,24.06,0.1366
1/1/2024 20:00,30.88,45.18,317.51,547.09,AWS,us-west,n1-standard-1,1,3.75,0.0475,no_action,253.93,842.56,38.03,0.1366
1/1/2024 20:05,48.54,74.58,361.6,992.13,GCP,us-west,B1s,1,1,0.012,no_action,244.13,1312.62,61.56,0.018
1/1/2024 20:10,34.67,17.15,88.55,904.77,Azure,asia-south,B1s,1,1,0.012,no_action,268.27,467.46,25.91,0.018
1/1/2024 20:15,30.4,41.95,81.24,567.15,Azure,us-east,n1-standard-1,1,3.75,0.0475,no_action,266.16,645.71,36.17,0.1366
1/1/2024 20:20,89.21,68.58,289.83,391.9,AWS,us-west,n1-standard-1,1,3.75,0.0475,scale_up,233.38,1517.42,78.89,0.1366
1/1/2024 20:25,99.47,69.57,301,757.59,GCP,us-east,n1-standard-1,1,3.75,0.0475,scale_up,208.43,1687.61,84.52,0.1366
1/1/2024 20:30,60.61,96.19,128.89,721,GCP,asia-south,B1s,1,1,0.012,scale_up,223.29,1497.31,78.4,0.018
1/1/2024 20:35,18.7,50.53,390.27,412.81,GCP,asia-south,t2.micro,1,1,0.0116,no_action,276.3,722.76,34.62,0.0174
1/1/2024 20:40,93.45,31.12,229.69,237.17,GCP,us-east,B1s,1,1,0.012,scale_up,249.85,1252.79,62.29,0.018
1/1/2024 20:45,56.89,66.12,90.11,779.74,Azure,us-east,n1-standard-1,1,3.75,0.0475,no_action,239.83,1222.48,61.51,0.1366
1/1/2024 20:50,80.38,73.79,66.27,372.82,Azure,asia-south,B1s,1,1,0.012,no_action,215.06,1475.14,77.09,0.018
1/1/2024 20:55,17.89,94.33,299.21,374.97,AWS,us-east,B1s,1,1,0.012,scale_up,232.86,1014.56,56.11,0.018
1/1/2024 21:00,64.05,56.41,463.73,547.27,GCP,us-east,n1-standard-1,1,3.75,0.0475,no_action,240.59,1199.66,60.23,0.1366
1/1/2024 21:05,44.26,89.02,440.63,825.33,AWS,us-east,n1-standard-1,1,3.75,0.0475,scale_up,226.68,1382.4,66.64,0.1366
1/1/2024 21:10,17.28,46.27,128.09,725.46,GCP,us-west,t2.micro,1,1,0.0116,no_action,268.51,635.04,31.78,0.0174
1/1/2024 21:15,67.69,84.02,109.64,875.81,GCP,us-west,n1-standard-1,1,3.75,0.0475,no_action,223.89,1557.99,75.85,0.1366
1/1/2024 21:20,64.56,78.83,128.68,552.31,GCP,us-west,n1-standard-1,1,3.75,0.0475,no_action,217.65,1418.64,71.69,0.1366
1/1/2024 21:25,43.08,16.14,61.62,221.65,GCP,us-east,n1-standard-1,1,3.75,0.0475,no_action,270.96,618.68,29.61,0.1366
1/1/2024 21:30,96.92,48.92,190.32,555.53,AWS,asia-south,B1s,1,1,0.012,scale_up,217.69,1451.2,72.92,0.018
1/1/2024 21:35,67.67,29.44,328.81,685.18,AWS,us-west,t2.micro,1,1,0.0116,no_action,249.31,1045.64,48.55,0.0174
1/1/2024 21:40,15.23,99.54,76,725.53,Azure,us-east,B1s,1,1,0.012,scale_up,236.48,1132.58,57.39,0.018
1/1/2024 21:45,72.29,15.61,279.24,997.03,AWS,us-east,t2.micro,1,1,0.0116,no_action,260.42,938.53,43.95,0.0174
1/1/2024 21:50,37.56,66.15,287.17,483.48,AWS,us-east,B1s,1,1,0.012,no_action,234.48,1025.86,51.86,0.018
1/1/2024 21:55,43.1,47.27,422.39,760.25,AWS,us-east,t2.micro,1,1,0.0116,no_action,249.05,774.15,45.19,0.0174
1/1/2024 22:00,11.73,33.38,392.13,223.4,GCP,asia-south,t2.micro,1,1,0.0116,no_action,262.66,460.27,22.55,0.0174
1/1/2024 22:05,11.09,31.71,489.14,821.38,Azure,us-east,n1-standard-1,1,3.75,0.0475,no_action,278.45,456.96,21.4,0.1366
1/1/2024 22:10,19.88,59.32,254.47,859.92,Azure,us-west,n1-standard-1,1,3.75,0.0475,no_action,260.13,745.34,39.6,0.1366
1/1/2024 22:15,23.5,39.22,381.81,528.42,AWS,asia-south,B1s,1,1,0.012,no_action,254.92,546.52,31.36,0.018
1/1/2024 22:20,51.35,80.65,451.44,959.8,Azure,asia-south,t2.micro,1,1,0.0116,no_action,227.31,1372,66,0.0174
1/1/2024 22:25,71.93,49.38,164.6,856.78,AWS,us-west,t2.micro,1,1,0.0116,no_action,260.92,1182.81,60.66,0.0174
1/1/2024 22:30,69.34,90.56,336.5,652.54,Azure,us-east,n1-standard-1,1,3.75,0.0475,scale_up,220.37,1561.33,79.95,0.1366
1/1/2024 22:35,23.52,76.37,280.5,712.21,Azure,asia-south,n1-standard-1,1,3.75,0.0475,no_action,246.4,1008.13,49.95,0.1366
1/1/2024 22:40,16.41,11.09,480.43,763.76,GCP,asia-south,t2.micro,1,1,0.0116,scale_down,272.78,226.42,13.75,0.0174
1/1/2024 22:45,41.47,79.72,347.62,266.68,AWS,asia-south,B1s,1,1,0.012,no_action,251.26,1247.85,60.59,0.018
1/1/2024 22:50,33.85,11.89,86.98,971.07,Azure,us-east,t2.micro,1,1,0.0116,no_action,287.09,419.56,22.87,0.0174
1/1/2024 22:55,66.22,44.37,142.56,209.25,Azure,us-west,B1s,1,1,0.012,no_action,257.99,1133.71,55.3,0.018
1/1/2024 23:00,67.95,57.73,68.88,971.64,Azure,us-east,B1s,1,1,0.012,no_action,230.72,1303.19,62.84,0.018
1/1/2024 23:05,98.2,64.17,312.09,773.27,AWS,us-west,B1s,1,1,0.012,scale_up,224.2,1677.33,81.19,0.018
1/1/2024 23:10,21.53,40.44,467.64,302.15,GCP,asia-south,n1-standard-1,1,3.75,0.0475,no_action,258.57,521.38,30.98,0.1366
1/1/2024 23:15,49.55,65.16,474.38,316.62,AWS,asia-south,B1s,1,1,0.012,no_action,240.43,1133.26,57.35,0.018
1/1/2024 23:20,89.82,68.12,178.66,834.35,GCP,us-east,n1-standard-1,1,3.75,0.0475,scale_up,219.36,1593.53,78.97,0.1366
1/1/2024 23:25,77.95,51.45,428.9,755.64,GCP,us-east,n1-standard-1,1,3.75,0.0475,no_action,241.93,1352.67,64.7,0.1366
1/1/2024 23:30,25.97,59.05,493.1,943.65,GCP,asia-south,n1-standard-1,1,3.75,0.0475,no_action,261.49,817.63,42.51,0.1366
1/1/2024 23:35,83.6,29.22,277.63,856.63,Azure,us-east,n1-standard-1,1,3.75,0.0475,no_action,246.68,1213.31,56.41,0.1366
1/1/2024 23:40,63.13,55.75,183.9,608.52,AWS,asia-south,B1s,1,1,0.012,no_action,248.09,1207.86,59.44,0.018
1/1/2024 23:45,67.27,78.5,122.03,515.4,Azure,us-west,B1s,1,1,0.012,no_action,225.02,1415.17,72.88,0.018
1/1/2024 23:50,82.01,28.36,299.79,759.76,Azure,us-west,n1-standard-1,1,3.75,0.0475,no_action,232.86,1125.93,55.19,0.1366
1/1/2024 23:55,41.98,80.54,299.4,104.71,GCP,asia-south,B1s,1,1,0.012,no_action,230.89,1257.61,61.26,0.018
1/2/2024 0:00,96.23,43.11,197.12,234,GCP,us-west,t2.micro,1,1,0.0116,scale_up,237.55,1374.76,69.67,0.0174
1/2/2024 0:05,99.67,43.15,251.87,749.86,AWS,us-west,n1-standard-1,1,3.75,0.0475,scale_up,230.84,1474.83,71.41,0.1366
1/2/2024 0:10,45.24,47.14,363.03,102.9,AWS,us-west,B1s,1,1,0.012,no_action,238.55,986.93,46.19,0.018
1/2/2024 0:15,81.48,18.37,314.69,532.88,Azure,asia-south,n1-standard-1,1,3.75,0.0475,no_action,244.43,1007.73,49.93,0.1366
1/2/2024 0:20,62.2,60.53,302.3,643.14,GCP,us-east,n1-standard-1,1,3.75,0.0475,no_action,248.88,1256.93,61.37,0.1366
1/2/2024 0:25,34.28,84.25,274.22,169.35,GCP,us-east,n1-standard-1,1,3.75,0.0475,no_action,239.03,1162.64,59.27,0.1366
1/2/2024 0:30,80.64,73.69,404.88,565.54,AWS,us-west,n1-standard-1,1,3.75,0.0475,no_action,211.42,1533.62,77.16,0.1366
1/2/2024 0:35,39.54,49.06,89.87,298.55,GCP,us-west,B1s,1,1,0.012,no_action,270.83,917.54,44.3,0.018
1/2/2024 0:40,99.85,93.98,339.15,479.12,Azure,us-west,B1s,1,1,0.012,scale_up,215.3,1967.4,96.91,0.018
1/2/2024 0:45,20.65,46.89,427.91,445.45,AWS,asia-south,t2.micro,1,1,0.0116,no_action,285.08,752.56,33.77,0.0174
1/2/2024 0:50,26.6,42.6,200.53,123.58,AWS,us-east,B1s,1,1,0.012,no_action,266.81,603.58,34.6,0.018
1/2/2024 0:55,36.89,94.66,166.68,486.69,GCP,us-west,B1s,1,1,0.012,scale_up,239.36,1288.86,65.78,0.018
1/2/2024 1:00,51.24,53.47,110.07,172.54,AWS,asia-south,n1-standard-1,1,3.75,0.0475,no_action,247.37,1135.71,52.36,0.1366
1/2/2024 1:05,49.32,75.66,394.48,243.02,Azure,asia-south,n1-standard-1,1,3.75,0.0475,no_action,227.53,1264.89,62.49,0.1366
1/2/2024 1:10,77.62,69.13,480.48,162.06,GCP,us-east,t2.micro,1,1,0.0116,no_action,225.62,1457.32,73.38,0.0174
1/2/2024 1:15,33.55,32.23,457.81,324.59,GCP,us-east,n1-standard-1,1,3.75,0.0475,no_action,276.25,617.64,32.89,0.1366
1/2/2024 1:20,50.48,79.9,79.41,538.81,Azure,us-east,n1-standard-1,1,3.75,0.0475,no_action,210.57,1348,65.19,0.1366
1/2/2024 1:25,41.26,90.99,59.82,697.41,Azure,asia-south,n1-standard-1,1,3.75,0.0475,scale_up,234.54,1348.3,66.12,0.1366
1/2/2024 1:30,94.31,14.7,238.46,334.14,GCP,asia-south,B1s,1,1,0.012,scale_up,253.44,1027.39,54.51,0.018
1/2/2024 1:35,27.83,60.88,258.77,974.8,GCP,us-west,B1s,1,1,0.012,no_action,239.49,945.34,44.36,0.018
1/2/2024 1:40,20.27,23.61,151.39,325.87,Azure,us-west,n1-standard-1,1,3.75,0.0475,scale_down,280.07,496.23,21.94,0.1366
1/2/2024 1:45,57.11,20.33,437.06,750.53,Azure,us-west,n1-standard-1,1,3.75,0.0475,no_action,263.04,756.05,38.72,0.1366
1/2/2024 1:50,58.92,17.36,256.24,536.23,GCP,us-west,t2.micro,1,1,0.0116,no_action,266.23,808,38.14,0.0174
1/2/2024 1:55,51.61,47.06,342.94,590.89,AWS,asia-south,t2.micro,1,1,0.0116,no_action,250.87,950.3,49.34,0.0174
1/2/2024 2:00,82.58,51.33,73.38,807.65,GCP,us-east,B1s,1,1,0.012,no_action,226.59,1299.14,66.95,0.018
1/2/2024 2:05,24.82,39.72,390.54,567.45,Azure,asia-south,t2.micro,1,1,0.0116,no_action,270.96,632.78,32.27,0.0174
1/2/2024 2:10,89.16,88.35,157.46,506.12,AWS,us-east,B1s,1,1,0.012,scale_up,220.08,1771.21,88.75,0.018
1/2/2024 2:15,58.48,54.8,97.46,691.1,GCP,us-west,B1s,1,1,0.012,no_action,239.1,1190.22,56.64,0.018
1/2/2024 2:20,79.81,96.8,141.69,571,Azure,asia-south,B1s,1,1,0.012,scale_up,220.89,1732.69,88.31,0.018
1/2/2024 2:25,61.98,67.11,409.06,456.37,GCP,us-east,t2.micro,1,1,0.0116,no_action,236.13,1333.54,64.55,0.0174
1/2/2024 2:30,24.22,72.63,406.97,385.09,GCP,us-east,n1-standard-1,1,3.75,0.0475,no_action,248.23,948.32,48.42,0.1366
1/2/2024 2:35,26.58,90.46,344.43,236.89,AWS,us-west,t2.micro,1,1,0.0116,scale_up,262.11,1117.02,58.52,0.0174
1/2/2024 2:40,17.51,89.42,411.62,554.69,Azure,asia-south,t2.micro,1,1,0.0116,scale_up,245.74,1091.92,53.47,0.0174
1/2/2024 2:45,98.57,70.11,335.6,249.36,GCP,us-east,t2.micro,1,1,0.0116,scale_up,213.79,1736.09,84.34,0.0174
1/2/2024 2:50,24.6,11.13,301.89,574.66,Azure,us-west,B1s,1,1,0.012,scale_down,287.93,373.59,17.87,0.018
1/2/2024 2:55,17.15,75.83,134.34,872.36,AWS,asia-south,n1-standard-1,1,3.75,0.0475,no_action,255.19,995.68,46.49,0.1366
1/2/2024 3:00,73.92,38.29,262.03,839.47,AWS,us-east,B1s,1,1,0.012,no_action,222.68,1091.71,56.11,0.018
1/2/2024 3:05,54.48,84.54,200.84,256.39,GCP,us-west,n1-standard-1,1,3.75,0.0475,no_action,238.9,1417.54,69.51,0.1366
1/2/2024 3:10,19.06,31.59,113.89,413.15,GCP,us-west,t2.micro,1,1,0.0116,no_action,290.83,490.38,25.32,0.0174
1/2/2024 3:15,68.6,65.88,208.57,857.3,AWS,us-west,n1-standard-1,1,3.75,0.0475,no_action,236.8,1343.59,67.24,0.1366
1/2/2024 3:20,67.07,21.36,354.28,392.59,AWS,us-east,n1-standard-1,1,3.75,0.0475,no_action,251.14,894.36,44.21,0.1366
1/2/2024 3:25,25.74,87.02,152.23,853.34,GCP,us-east,B1s,1,1,0.012,scale_up,252.33,1060.3,56.38,0.018
1/2/2024 3:30,72.47,56.14,187.39,291.38,Azure,asia-south,t2.micro,1,1,0.0116,no_action,240.83,1295.08,64.31,0.0174
1/2/2024 3:35,88.41,78.95,404.8,698.49,AWS,us-east,B1s,1,1,0.012,scale_up,220.42,1661.54,83.68,0.018
1/2/2024 3:40,70.37,60.44,99.95,502.35,GCP,us-east,t2.micro,1,1,0.0116,no_action,245.67,1302.08,65.41,0.0174
1/2/2024 3:45,59.2,44.24,489.56,199.65,AWS,asia-south,n1-standard-1,1,3.75,0.0475,no_action,242.93,1029.87,51.72,0.1366
1/2/2024 3:50,76.59,92.63,176.02,872.51,Azure,asia-south,B1s,1,1,0.012,scale_up,220.52,1679.22,84.61,0.018
1/2/2024 3:55,77.86,82.44,58.1,966.53,AWS,asia-south,n1-standard-1,1,3.75,0.0475,no_action,210.5,1657.3,80.15,0.1366
1/2/2024 4:00,84.65,35.34,442.74,201.32,GCP,us-west,n1-standard-1,1,3.75,0.0475,no_action,243.68,1291.81,60,0.1366
1/2/2024 4:05,18.69,31.77,55.58,521.89,Azure,us-west,n1-standard-1,1,3.75,0.0475,no_action,282.77,423.78,25.23,0.1366
1/2/2024 4:10,36.75,36.99,384.44,143.33,Azure,asia-south,t2.micro,1,1,0.0116,no_action,272.63,822.93,36.87,0.0174
1/2/2024 4:15,90.31,26.68,85.54,315.56,Azure,asia-south,t2.micro,1,1,0.0116,scale_up,242.21,1227.99,58.5,0.0174
1/2/2024 4:20,15.73,84.82,319.54,203.44,AWS,asia-south,t2.micro,1,1,0.0116,no_action,259.48,1030.55,50.27,0.0174
1/2/2024 4:25,89.11,61.46,282.85,487.38,GCP,asia-south,t2.micro,1,1,0.0116,scale_up,218.17,1414.17,75.28,0.0174
1/2/2024 4:30,79.65,64.17,451.64,499.04,AWS,us-east,t2.micro,1,1,0.0116,no_action,244.21,1503.95,71.91,0.0174
1/2/2024 4:35,63.25,73.24,156.85,561.13,Azure,us-east,t2.micro,1,1,0.0116,no_action,229.29,1322.74,68.25,0.0174
1/2/2024 4:40,53.89,68.7,477.74,640.59,AWS,us-west,n1-standard-1,1,3.75,0.0475,no_action,239.14,1310.65,61.3,0.1366
1/2/2024 4:45,67.07,16.38,164.48,425.67,Azure,asia-south,n1-standard-1,1,3.75,0.0475,no_action,252.16,832.65,41.72,0.1366
1/2/2024 4:50,22.6,34.91,487.19,398.21,GCP,us-east,t2.micro,1,1,0.0116,no_action,257.18,570.94,28.75,0.0174
1/2/2024 4:55,64.97,35.26,143.15,564.92,GCP,asia-south,n1-standard-1,1,3.75,0.0475,no_action,246.79,964.69,50.11,0.1366
1/2/2024 5:00,82.23,61.48,280.7,364.14,Azure,us-west,t2.micro,1,1,0.0116,no_action,226.54,1470.67,71.86,0.0174
1/2/2024 5:05,17.84,65.54,101.23,410.7,Azure,us-east,n1-standard-1,1,3.75,0.0475,no_action,269.07,834.87,41.69,0.1366
1/2/2024 5:10,54.42,73.2,496.77,218.34,Azure,asia-south,B1s,1,1,0.012,no_action,229.11,1200.51,63.81,0.018
1/2/2024 5:15,47.96,46.99,458.42,742.63,AWS,us-west,t2.micro,1,1,0.0116,no_action,236.71,994.25,47.48,0.0174
1/2/2024 5:20,84.14,95.96,419.54,101.41,Azure,us-east,B1s,1,1,0.012,scale_up,205.12,1808.34,90.05,0.018
1/2/2024 5:25,33.18,15.36,321.71,717.93,AWS,us-west,t2.micro,1,1,0.0116,no_action,273.04,440.84,24.27,0.0174
1/2/2024 5:30,51.06,43.21,104.46,477.05,AWS,us-east,t2.micro,1,1,0.0116,no_action,251.55,946.54,47.14,0.0174
1/2/2024 5:35,17.22,41.93,473.78,701.72,GCP,asia-south,B1s,1,1,0.012,no_action,259.52,662.05,29.57,0.018
1/2/2024 5:40,63.43,10.91,336.24,921.96,Azure,us-west,n1-standard-1,1,3.75,0.0475,no_action,272.36,757.76,37.17,0.1366
1/2/2024 5:45,75.16,20.85,456.1,159.8,AWS,us-west,B1s,1,1,0.012,no_action,240.56,965.53,48,0.018
1/2/2024 5:50,11.05,47.98,182.77,537.4,GCP,asia-south,n1-standard-1,1,3.75,0.0475,no_action,265,594.94,29.52,0.1366
1/2/2024 5:55,21.07,60.28,204.43,756.26,GCP,asia-south,B1s,1,1,0.012,no_action,269.02,834.86,40.67,0.018
1/2/2024 6:00,72.32,48.69,352.83,347.84,GCP,us-west,t2.micro,1,1,0.0116,no_action,249.5,1176.57,60.5,0.0174
1/2/2024 6:05,50.18,81.85,420.09,871.81,Azure,us-east,n1-standard-1,1,3.75,0.0475,no_action,232.64,1360.84,66.02,0.1366
1/2/2024 6:10,38.7,62.4,217.03,640.97,Azure,us-west,B1s,1,1,0.012,no_action,259.78,1067.34,50.55,0.018
1/2/2024 6:15,43.71,25.02,243.74,228.33,GCP,us-east,t2.micro,1,1,0.0116,no_action,262.55,726.28,34.37,0.0174
1/2/2024 6:20,23.9,12.29,340.62,673.21,AWS,asia-south,B1s,1,1,0.012,scale_down,276.28,351.44,18.09,0.018
1/2/2024 6:25,46.87,38.01,354.7,645.2,Azure,us-east,B1s,1,1,0.012,no_action,245.22,819.18,42.44,0.018
1/2/2024 6:30,98.92,50.86,359.72,226.5,GCP,asia-south,t2.micro,1,1,0.0116,scale_up,220.37,1497.08,74.89,0.0174
1/2/2024 6:35,55.49,96.76,222.89,135.1,AWS,us-west,B1s,1,1,0.012,scale_up,222.99,1504,76.12,0.018
1/2/2024 6:40,24.4,12.1,390.3,512.67,Azure,us-west,n1-standard-1,1,3.75,0.0475,scale_down,287.36,350.23,18.25,0.1366
1/2/2024 6:45,20.45,96.03,191.29,899.56,AWS,asia-south,n1-standard-1,1,3.75,0.0475,scale_up,253.49,1183.28,58.24,0.1366
1/2/2024 6:50,98.56,35.96,482.51,450.53,Azure,us-west,t2.micro,1,1,0.0116,scale_up,217.03,1288.86,67.26,0.0174
1/2/2024 6:55,58.73,23.87,299.17,587.53,GCP,us-west,n1-standard-1,1,3.75,0.0475,no_action,265.08,851.04,41.3,0.1366
1/2/2024 7:00,49.64,37.21,166.7,275.16,GCP,us-west,B1s,1,1,0.012,no_action,254.89,844.9,43.42,0.018
1/2/2024 7:05,34.32,96.98,300.97,412.55,AWS,us-east,n1-standard-1,1,3.75,0.0475,scale_up,223.62,1324.96,65.65,0.1366
1/2/2024 7:10,49.96,66.36,270,461.6,GCP,asia-south,n1-standard-1,1,3.75,0.0475,no_action,252.85,1261.12,58.16,0.1366
1/2/2024 7:15,65.86,28.12,227.81,135.51,GCP,asia-south,n1-standard-1,1,3.75,0.0475,no_action,279.45,864.65,46.99,0.1366
1/2/2024 7:20,30.5,96.76,459.25,749.93,Azure,us-east,n1-standard-1,1,3.75,0.0475,scale_up,247.23,1277.5,63.63,0.1366
1/2/2024 7:25,21.76,81.15,106.17,814.79,AWS,us-west,n1-standard-1,1,3.75,0.0475,no_action,254.76,1010.62,51.46,0.1366
1/2/2024 7:30,94.96,23.39,258.2,982.89,GCP,us-east,n1-standard-1,1,3.75,0.0475,scale_up,252.09,1180.93,59.17,0.1366
1/2/2024 7:35,62.99,43.78,178.6,282.9,Azure,us-east,B1s,1,1,0.012,no_action,240.66,1136.42,53.39,0.018
1/2/2024 7:40,56.01,54.31,309.78,879.02,Azure,us-west,n1-standard-1,1,3.75,0.0475,no_action,244.29,1117.48,55.16,0.1366
1/2/2024 7:45,84.48,78.81,308.09,960.44,AWS,us-east,B1s,1,1,0.012,no_action,216.38,1625.34,81.65,0.018
1/2/2024 7:50,86.86,49.52,431.14,903.78,GCP,asia-south,n1-standard-1,1,3.75,0.0475,scale_up,237.75,1216.78,68.19,0.1366
1/2/2024 7:55,66.39,93.37,58.6,529.16,Azure,us-west,t2.micro,1,1,0.0116,scale_up,231.36,1644.98,79.88,0.0174
1/2/2024 8:00,72.33,22.1,184.73,422.84,AWS,us-west,B1s,1,1,0.012,no_action,246.52,987.42,47.22,0.018
1/2/2024 8:05,28.96,96.17,53.99,998.04,AWS,us-west,n1-standard-1,1,3.75,0.0475,scale_up,246.97,1276.95,62.56,0.1366
1/2/2024 8:10,36.52,11.29,382.04,850.73,Azure,us-west,t2.micro,1,1,0.0116,no_action,269.68,499.7,23.91,0.0174
1/2/2024 8:15,77.81,79.2,346.34,789.5,AWS,asia-south,B1s,1,1,0.012,no_action,225.01,1623.61,78.5,0.018
1/2/2024 8:20,17.97,53.89,84.94,466.79,AWS,asia-south,t2.micro,1,1,0.0116,no_action,257.32,711.37,35.93,0.0174
1/2/2024 8:25,41.39,19.99,413.71,952.92,GCP,asia-south,t2.micro,1,1,0.0116,no_action,250.37,624.46,30.69,0.0174
1/2/2024 8:30,16.92,55.06,407.53,736.38,Azure,us-west,t2.micro,1,1,0.0116,no_action,247.93,681.66,35.99,0.0174
1/2/2024 8:35,30.91,35.29,411.57,936.31,AWS,us-east,n1-standard-1,1,3.75,0.0475,no_action,275.19,652.31,33.1,0.1366
1/2/2024 8:40,38.93,52.88,151.71,676.43,AWS,asia-south,t2.micro,1,1,0.0116,no_action,254.69,931.97,45.91,0.0174
1/2/2024 8:45,42.2,68.3,105.31,899.79,GCP,asia-south,n1-standard-1,1,3.75,0.0475,no_action,214.55,1114.19,55.25,0.1366
1/2/2024 8:50,62.73,66.23,82.3,714.36,Azure,asia-south,n1-standard-1,1,3.75,0.0475,no_action,243.59,1240.92,64.48,0.1366
1/2/2024 8:55,84.03,82.36,298.63,568.15,GCP,us-west,n1-standard-1,1,3.75,0.0475,no_action,220.73,1638.45,83.19,0.1366
1/2/2024 9:00,34.43,54.7,177.92,220.45,AWS,us-west,B1s,1,1,0.012,no_action,250.19,898.92,44.56,0.018
1/2/2024 9:05,77.38,38.58,50.06,560.02,AWS,us-west,t2.micro,1,1,0.0116,no_action,238.74,1167.36,57.98,0.0174
1/2/2024 9:10,85.54,10.34,161.07,766.81,Azure,asia-south,B1s,1,1,0.012,scale_up,245.48,943.61,47.94,0.018
1/2/2024 9:15,42.42,34.34,429.22,382.01,AWS,us-east,n1-standard-1,1,3.75,0.0475,no_action,264.25,777.28,38.38,0.1366
1/2/2024 9:20,49.04,91.89,219.79,967.67,GCP,us-west,B1s,1,1,0.012,scale_up,232.19,1380.16,70.47,0.018
1/2/2024 9:25,54.44,44.89,334.72,733.47,GCP,us-east,n1-standard-1,1,3.75,0.0475,no_action,259.99,1055.11,49.66,0.1366
1/2/2024 9:30,96.94,78.49,477.85,732.29,Azure,us-west,B1s,1,1,0.012,scale_up,206.11,1738.5,87.72,0.018
1/2/2024 9:35,80.36,67.97,71.68,424.05,Azure,asia-south,n1-standard-1,1,3.75,0.0475,no_action,225.84,1513.36,74.16,0.1366
1/2/2024 9:40,48.95,51.19,144,431.84,AWS,us-west,B1s,1,1,0.012,no_action,244.85,994.01,50.07,0.018
1/2/2024 9:45,79.08,47.49,419.98,865.31,GCP,us-west,n1-standard-1,1,3.75,0.0475,no_action,242.94,1208.76,63.28,0.1366
1/2/2024 9:50,52.51,89.21,147.08,710.03,Azure,asia-south,n1-standard-1,1,3.75,0.0475,scale_up,213.6,1458.09,70.86,0.1366
1/2/2024 9:55,22.29,68.65,382.37,384.06,GCP,us-west,t2.micro,1,1,0.0116,no_action,242.64,991.53,45.47,0.0174
1/2/2024 10:00,74.19,27.93,450.6,358.67,Azure,us-east,B1s,1,1,0.012,no_action,243.5,1013.06,51.06,0.018
1/2/2024 10:05,20.04,56.43,170.42,851.93,GCP,us-east,n1-standard-1,1,3.75,0.0475,no_action,259.48,714.98,38.23,0.1366
1/2/2024 10:10,54.36,46.39,288.92,635.62,AWS,us-west,B1s,1,1,0.012,no_action,249.43,994.36,50.38,0.018
1/2/2024 10:15,96.71,56.71,354.89,380.68,GCP,asia-south,n1-standard-1,1,3.75,0.0475,scale_up,230.44,1570.11,76.71,0.1366
1/2/2024 10:20,56.92,97.84,106.5,115.25,GCP,asia-south,B1s,1,1,0.012,scale_up,229.35,1577.19,77.38,0.018
1/2/2024 10:25,20.82,33.9,57.9,363.98,AWS,us-west,t2.micro,1,1,0.0116,no_action,273.66,624.65,27.36,0.0174
1/2/2024 10:30,41.33,43.46,50.61,369.82,AWS,asia-south,B1s,1,1,0.012,no_action,259.25,850.44,42.39,0.018
1/2/2024 10:35,86.24,12.12,454.35,804.88,GCP,us-east,n1-standard-1,1,3.75,0.0475,scale_up,248.59,1058.09,49.18,0.1366
1/2/2024 10:40,45.82,37.26,79.56,305.41,AWS,asia-south,n1-standard-1,1,3.75,0.0475,no_action,257.43,748.64,41.54,0.1366
1/2/2024 10:45,77.27,52.64,76.03,962.01,AWS,asia-south,t2.micro,1,1,0.0116,no_action,235.25,1310.64,64.95,0.0174
1/2/2024 10:50,96.65,16.8,214.56,302.84,GCP,asia-south,t2.micro,1,1,0.0116,scale_up,239.52,1118.61,56.73,0.0174
1/2/2024 10:55,66.02,80.32,310.23,232.27,AWS,us-west,n1-standard-1,1,3.75,0.0475,no_action,231.81,1520.41,73.17,0.1366
1/2/2024 11:00,44.93,70.67,166.96,410.67,GCP,asia-south,B1s,1,1,0.012,no_action,239.86,1179.32,57.8,0.018
1/2/2024 11:05,52.3,90.11,368.47,155.98,GCP,asia-south,t2.micro,1,1,0.0116,scale_up,220.44,1528.58,71.2,0.0174
1/2/2024 11:10,22.08,96.21,288.35,317.7,GCP,asia-south,B1s,1,1,0.012,scale_up,261.09,1183.24,59.14,0.018
1/2/2024 11:15,16.86,34.72,413.13,513.7,GCP,us-west,B1s,1,1,0.012,no_action,252.09,592.47,25.79,0.018
1/2/2024 11:20,13.95,24.92,250.49,288.27,Azure,us-west,B1s,1,1,0.012,scale_down,276.27,418.13,19.44,0.018
1/2/2024 11:25,96.46,27.72,478.14,995.34,AWS,asia-south,t2.micro,1,1,0.0116,scale_up,221.93,1264.91,62.09,0.0174
1/2/2024 11:30,49.33,63.42,82.89,660.11,AWS,asia-south,B1s,1,1,0.012,no_action,247.88,1128.46,56.38,0.018
1/2/2024 11:35,78.16,24.55,264.61,746.5,GCP,us-east,B1s,1,1,0.012,no_action,255.84,962.44,51.35,0.018
1/2/2024 11:40,69.99,24.64,304.29,794.46,AWS,us-west,t2.micro,1,1,0.0116,no_action,249.55,946.26,47.31,0.0174
1/2/2024 11:45,10.81,42.13,466.79,305.81,Azure,asia-south,t2.micro,1,1,0.0116,no_action,261.03,559.63,26.47,0.0174
1/2/2024 11:50,38.95,86.32,377.99,185.86,GCP,us-east,B1s,1,1,0.012,scale_up,233,1249.39,62.63,0.018
1/2/2024 11:55,53.28,69.62,103.33,360,GCP,us-east,t2.micro,1,1,0.0116,no_action,245.99,1219.94,61.45,0.0174
1/2/2024 12:00,99.39,14.04,392.45,434.55,GCP,us-east,n1-standard-1,1,3.75,0.0475,scale_up,257.48,1104.28,56.72,0.1366
1/2/2024 12:05,92.66,95.58,309.71,421.41,GCP,us-west,n1-standard-1,1,3.75,0.0475,scale_up,199.03,1921.93,94.12,0.1366
1/2/2024 12:10,60.77,42.27,345.48,316.36,AWS,us-east,B1s,1,1,0.012,no_action,248.62,982.7,51.52,0.018
1/2/2024 12:15,29.88,13.5,66.21,257.7,GCP,asia-south,B1s,1,1,0.012,scale_down,274.24,468.12,21.69,0.018
1/2/2024 12:20,95.54,62.35,246.48,622.08,AWS,us-east,t2.micro,1,1,0.0116,scale_up,237.23,1584.12,78.95,0.0174
1/2/2024 12:25,35.42,41.77,452.34,951.81,AWS,asia-south,n1-standard-1,1,3.75,0.0475,no_action,259.51,817.98,38.59,0.1366
1/2/2024 12:30,80.23,52.87,273.89,284.21,Azure,asia-south,t2.micro,1,1,0.0116,no_action,220.93,1349.18,66.55,0.0174
1/2/2024 12:35,39.84,86.95,143.18,164.04,GCP,asia-south,t2.micro,1,1,0.0116,scale_up,210.56,1277.85,63.4,0.0174
1/2/2024 12:40,82.98,85.22,199.49,724.26,AWS,us-west,B1s,1,1,0.012,scale_up,222.7,1741.63,84.1,0.018
1/2/2024 12:45,23.64,88.83,292.59,354.23,GCP,us-west,n1-standard-1,1,3.75,0.0475,scale_up,238.72,1120.62,56.23,0.1366
1/2/2024 12:50,21.51,78.9,50.01,474.91,Azure,us-east,n1-standard-1,1,3.75,0.0475,no_action,243.04,1005.81,50.21,0.1366
1/2/2024 12:55,97.58,30.35,186.89,373.55,GCP,asia-south,B1s,1,1,0.012,scale_up,242.83,1221.86,63.97,0.018
1/2/2024 13:00,76.77,86.36,240.18,372.64,AWS,us-east,n1-standard-1,1,3.75,0.0475,scale_up,230.38,1582.24,81.56,0.1366
1/2/2024 13:05,83.51,26.35,216.92,911.75,GCP,asia-south,n1-standard-1,1,3.75,0.0475,no_action,239.09,1169.72,54.93,0.1366
1/2/2024 13:10,63.16,69.49,85.31,590.05,Azure,us-west,B1s,1,1,0.012,no_action,225.37,1352.63,66.32,0.018
1/2/2024 13:15,80.26,62.54,478.5,138.18,GCP,us-west,n1-standard-1,1,3.75,0.0475,no_action,235.1,1352.85,71.4,0.1366
1/2/2024 13:20,36.69,74.3,391.55,192.26,AWS,us-west,n1-standard-1,1,3.75,0.0475,no_action,264.46,1265.4,55.49,0.1366
1/2/2024 13:25,43.24,93.96,422.38,727.49,AWS,us-east,n1-standard-1,1,3.75,0.0475,scale_up,228.19,1461.76,68.6,0.1366
1/2/2024 13:30,92.89,72.51,378.04,875.52,Azure,us-west,B1s,1,1,0.012,scale_up,225.69,1623.14,82.7,0.018
1/2/2024 13:35,27.57,41.08,201.02,980.67,GCP,asia-south,n1-standard-1,1,3.75,0.0475,no_action,270.07,725.45,34.33,0.1366
1/2/2024 13:40,75.44,60.59,476.19,546.63,AWS,asia-south,n1-standard-1,1,3.75,0.0475,no_action,221.07,1340.95,68.02,0.1366
1/2/2024 13:45,80.76,76.1,222.96,122.67,GCP,us-east,B1s,1,1,0.012,no_action,206.39,1550.75,78.43,0.018
1/2/2024 13:50,73.44,83.54,295.89,970.33,Azure,asia-south,t2.micro,1,1,0.0116,no_action,221.58,1536.78,78.49,0.0174
1/2/2024 13:55,74.66,87.64,130.67,820,Azure,asia-south,n1-standard-1,1,3.75,0.0475,scale_up,197.32,1677.86,81.15,0.1366
1/2/2024 14:00,21.85,87.88,120.77,378.81,GCP,us-east,B1s,1,1,0.012,scale_up,252.07,1077.7,54.86,0.018
1/2/2024 14:05,70.54,81.7,162.71,662.39,GCP,us-east,B1s,1,1,0.012,no_action,236,1535.46,76.12,0.018
1/2/2024 14:10,91.55,11.09,353.31,146.65,AWS,asia-south,n1-standard-1,1,3.75,0.0475,scale_up,230.92,1046.83,51.32,0.1366
1/2/2024 14:15,37.61,41.77,329.58,400.64,Azure,asia-south,B1s,1,1,0.012,no_action,254.02,870.49,39.69,0.018
1/2/2024 14:20,16.15,80.54,178.59,489.49,Azure,us-east,B1s,1,1,0.012,no_action,240.49,1028.69,48.34,0.018
1/2/2024 14:25,15.09,43.65,475,677.56,AWS,asia-south,B1s,1,1,0.012,no_action,281.8,659.82,29.37,0.018
1/2/2024 14:30,27.91,47.65,387.92,191.24,AWS,us-west,n1-standard-1,1,3.75,0.0475,no_action,252.58,707.74,37.78,0.1366
1/2/2024 14:35,48.88,98.23,80.38,566.83,AWS,asia-south,n1-standard-1,1,3.75,0.0475,scale_up,224.14,1424.89,73.56,0.1366
1/2/2024 14:40,76.41,73.41,240.23,411.87,Azure,us-east,t2.micro,1,1,0.0116,no_action,210.12,1465.7,74.91,0.0174
1/2/2024 14:45,28.48,53.47,170.84,358.72,GCP,us-west,B1s,1,1,0.012,no_action,261.1,822.97,40.98,0.018
1/2/2024 14:50,64.33,16.93,84.01,956.28,GCP,us-east,t2.micro,1,1,0.0116,no_action,253.9,799.02,40.63,0.0174
1/2/2024 14:55,63.91,66.13,341.83,340.66,AWS,asia-south,n1-standard-1,1,3.75,0.0475,no_action,243.09,1242.99,65.02,0.1366
1/2/2024 15:00,73.6,64.9,190.81,343.99,Azure,asia-south,n1-standard-1,1,3.75,0.0475,no_action,240.93,1398.57,69.25,0.1366
1/2/2024 15:05,95.21,19.53,119.67,950.26,AWS,us-west,n1-standard-1,1,3.75,0.0475,scale_up,248.14,1164.43,57.37,0.1366
1/2/2024 15:10,28.24,62.88,365.51,712.1,GCP,asia-south,n1-standard-1,1,3.75,0.0475,no_action,252.15,909.03,45.56,0.1366
1/2/2024 15:15,62.46,32.78,252.61,961.82,AWS,us-west,t2.micro,1,1,0.0116,no_action,263.62,935.7,47.62,0.0174
1/2/2024 15:20,26.97,70.52,489.65,191.7,AWS,us-east,B1s,1,1,0.012,no_action,251.02,966.18,48.74,0.018
1/2/2024 15:25,18.34,77.35,461.55,490.62,Azure,asia-south,n1-standard-1,1,3.75,0.0475,no_action,247.79,876.57,47.84,0.1366
1/2/2024 15:30,75.11,10.81,315.25,651.96,Azure,us-west,t2.micro,1,1,0.0116,no_action,244.12,893.69,42.96,0.0174
1/2/2024 15:35,74.26,18.23,139.67,889.72,GCP,us-east,n1-standard-1,1,3.75,0.0475,no_action,245.92,890.37,46.25,0.1366
1/2/2024 15:40,34.37,32.28,78.14,513.05,Azure,us-east,n1-standard-1,1,3.75,0.0475,no_action,273.5,740.86,33.33,0.1366
1/2/2024 15:45,70.56,17.3,478.17,854.64,GCP,asia-south,B1s,1,1,0.012,no_action,261.07,902.2,43.93,0.018
1/2/2024 15:50,93.94,58.98,140.13,655.11,Azure,us-west,B1s,1,1,0.012,scale_up,232.23,1573.56,76.46,0.018
1/2/2024 15:55,56.93,16.16,217,928.69,GCP,asia-south,n1-standard-1,1,3.75,0.0475,no_action,274.18,849.09,36.55,0.1366
1/2/2024 16:00,34.2,43.16,452.91,699.82,AWS,asia-south,t2.micro,1,1,0.0116,no_action,259.01,846.26,38.68,0.0174
1/2/2024 16:05,66.72,32.35,367.46,484.84,GCP,us-east,B1s,1,1,0.012,no_action,270.39,952.37,49.53,0.018
1/2/2024 16:10,94.27,15.76,421.13,363.14,Azure,us-west,B1s,1,1,0.012,scale_up,241.11,1098.03,55.02,0.018
1/2/2024 16:15,37.09,55.24,75.28,541.99,AWS,asia-south,t2.micro,1,1,0.0116,no_action,248.9,995.48,46.17,0.0174
1/2/2024 16:20,68.97,33.42,121.77,244.42,Azure,us-west,B1s,1,1,0.012,no_action,256.71,1040.9,51.2,0.018
1/2/2024 16:25,83.27,71.66,99.69,360.27,GCP,asia-south,n1-standard-1,1,3.75,0.0475,no_action,211.68,1508.03,77.47,0.1366
1/2/2024 16:30,56.35,58.2,210.6,418.41,AWS,us-east,t2.micro,1,1,0.0116,no_action,247.54,1172.86,57.28,0.0174
1/2/2024 16:35,37.7,92.24,478.77,394.07,AWS,us-west,n1-standard-1,1,3.75,0.0475,scale_up,235.89,1188.43,64.97,0.1366
1/2/2024 16:40,94.7,88.87,96.16,453.46,AWS,us-east,t2.micro,1,1,0.0116,scale_up,209.97,1984.96,91.78,0.0174
1/2/2024 16:45,27.45,87.29,354.62,854.12,Azure,us-east,n1-standard-1,1,3.75,0.0475,scale_up,246.83,1177.74,57.37,0.1366
1/2/2024 16:50,49.53,64.95,122.16,706.28,GCP,us-west,B1s,1,1,0.012,no_action,248.32,1098.87,57.24,0.018
1/2/2024 16:55,30.66,20.58,124.38,101.79,Azure,asia-south,B1s,1,1,0.012,no_action,284.14,558.32,25.62,0.018
1/2/2024 17:00,56.34,24.52,87.6,117.22,GCP,asia-south,B1s,1,1,0.012,no_action,252.47,745.67,40.43,0.018
1/2/2024 17:05,19.48,30.01,283.65,646.98,Azure,us-east,n1-standard-1,1,3.75,0.0475,no_action,261.48,466.66,24.75,0.1366
1/2/2024 17:10,29.76,96.39,327.34,601.19,Azure,us-east,n1-standard-1,1,3.75,0.0475,scale_up,221.07,1167.5,63.08,0.1366
1/2/2024 17:15,58.68,72.68,365.97,254.52,Azure,us-west,n1-standard-1,1,3.75,0.0475,no_action,207.96,1313.77,65.68,0.1366
1/2/2024 17:20,88.35,66.83,289.63,203.86,AWS,asia-south,n1-standard-1,1,3.75,0.0475,scale_up,213.16,1564.57,77.59,0.1366
1/2/2024 17:25,40.35,22.86,361.43,285.63,AWS,us-west,n1-standard-1,1,3.75,0.0475,no_action,276.98,620.37,31.61,0.1366
1/2/2024 17:30,28.39,55.7,238.67,116.31,AWS,us-west,t2.micro,1,1,0.0116,no_action,284.16,785.3,42.05,0.0174
1/2/2024 17:35,66.56,71.98,163.97,108.98,Azure,us-west,B1s,1,1,0.012,no_action,233.54,1473.33,69.27,0.018
1/2/2024 17:40,85.25,83.92,429.5,536.59,Azure,us-west,t2.micro,1,1,0.0116,scale_up,226.38,1660.42,84.59,0.0174
1/2/2024 17:45,50.62,26.51,434.74,894.3,GCP,us-west,t2.micro,1,1,0.0116,no_action,253.43,768.12,38.56,0.0174
1/2/2024 17:50,44.9,82.32,455.8,283.13,AWS,us-west,t2.micro,1,1,0.0116,no_action,244.87,1159.86,63.61,0.0174
1/2/2024 17:55,97.13,15.99,341.74,166.69,Azure,us-east,B1s,1,1,0.012,scale_up,255.44,1106.6,56.56,0.018
1/2/2024 18:00,49.01,99.75,301.58,389.05,Azure,asia-south,t2.micro,1,1,0.0116,scale_up,219.27,1428.12,74.38,0.0174
1/2/2024 18:05,43.53,16.18,216.31,517.81,AWS,us-west,t2.micro,1,1,0.0116,no_action,279.12,660.84,29.86,0.0174
1/2/2024 18:10,73.79,10.75,147.95,695.52,AWS,asia-south,t2.micro,1,1,0.0116,no_action,255.72,845.07,42.27,0.0174
1/2/2024 18:15,82.4,79.55,296.79,159.82,AWS,asia-south,t2.micro,1,1,0.0116,no_action,223.6,1692.29,80.97,0.0174
1/2/2024 18:20,80.38,77.66,411.35,566.21,Azure,us-east,t2.micro,1,1,0.0116,no_action,225.08,1537.35,79.02,0.0174
1/2/2024 18:25,65.84,76.8,126.45,275.48,GCP,us-east,B1s,1,1,0.012,no_action,231.65,1449.56,71.32,0.018
1/2/2024 18:30,91.74,78.28,318.72,688.72,AWS,us-west,t2.micro,1,1,0.0116,scale_up,216.9,1747.27,85.01,0.0174
1/2/2024 18:35,66.92,24.08,263.26,744.76,AWS,asia-south,n1-standard-1,1,3.75,0.0475,no_action,246.02,877.4,45.5,0.1366
1/2/2024 18:40,38.24,31.74,146.71,482.37,AWS,us-east,B1s,1,1,0.012,no_action,265.17,744.91,34.99,0.018
1/2/2024 18:45,26.91,16.93,363.27,444.52,AWS,us-east,t2.micro,1,1,0.0116,scale_down,283.19,489.93,21.92,0.0174
1/2/2024 18:50,81.66,34.48,361.56,337.66,GCP,us-east,B1s,1,1,0.012,no_action,243.65,1189.06,58.07,0.018
1/2/2024 18:55,39.21,34.26,135.92,725.18,GCP,us-east,t2.micro,1,1,0.0116,no_action,267.9,666.34,36.73,0.0174
1/2/2024 19:00,33.82,69.58,416.72,800.22,GCP,us-east,t2.micro,1,1,0.0116,no_action,241.33,1063.1,51.7,0.0174
1/2/2024 19:05,17.95,72.91,215.76,489.11,Azure,us-west,B1s,1,1,0.012,no_action,258.07,830.36,45.43,0.018
1/2/2024 19:10,13.51,70.02,195.36,908.13,AWS,asia-south,t2.micro,1,1,0.0116,no_action,254.94,871.89,41.77,0.0174
1/2/2024 19:15,91.09,99.65,421.44,860.38,GCP,us-west,n1-standard-1,1,3.75,0.0475,scale_up,209.32,1830.62,95.37,0.1366
1/2/2024 19:20,16.05,18.54,499.5,393.98,Azure,asia-south,t2.micro,1,1,0.0116,scale_down,290.27,376.52,17.3,0.0174
1/2/2024 19:25,87.22,99.79,158.67,136.32,GCP,asia-south,t2.micro,1,1,0.0116,scale_up,196.33,1857.9,93.5,0.0174
1/2/2024 19:30,12.02,42.44,402.68,609.56,Azure,us-east,B1s,1,1,0.012,no_action,283.59,478.99,27.23,0.018
1/2/2024 19:35,30.88,11.29,393.96,661.37,Azure,asia-south,n1-standard-1,1,3.75,0.0475,no_action,282.78,476.25,21.09,0.1366
1/2/2024 19:40,60.71,66.22,438.99,628.24,GCP,asia-south,t2.micro,1,1,0.0116,no_action,237.98,1270.5,63.47,0.0174
1/2/2024 19:45,78.11,49.81,368.33,450.31,AWS,us-west,n1-standard-1,1,3.75,0.0475,no_action,241.04,1209.23,63.96,0.1366
1/2/2024 19:50,93.54,93.62,203.86,574.91,GCP,asia-south,t2.micro,1,1,0.0116,scale_up,212.68,1915.86,93.58,0.0174
1/2/2024 19:55,63.38,14.8,254.64,707.31,GCP,asia-south,n1-standard-1,1,3.75,0.0475,no_action,250.32,855.88,39.09,0.1366
1/2/2024 20:00,94.75,25.06,275.16,721.8,AWS,us-east,n1-standard-1,1,3.75,0.0475,scale_up,250.21,1265.17,59.91,0.1366
1/2/2024 20:05,34.78,24.06,336.17,639.37,Azure,us-east,t2.micro,1,1,0.0116,no_action,276.21,544.41,29.42,0.0174
1/2/2024 20:10,50.97,70.1,426.82,252.76,AWS,us-west,B1s,1,1,0.012,no_action,255.01,1253.4,60.53,0.018
1/2/2024 20:15,85.43,82.25,482.41,582.34,Azure,asia-south,B1s,1,1,0.012,scale_up,190.86,1661.97,83.84,0.018
1/2/2024 20:20,23.83,61.53,174.66,929.18,Azure,us-west,n1-standard-1,1,3.75,0.0475,no_action,274.87,932.25,42.68,0.1366
1/2/2024 20:25,41.94,14.68,64.28,481,Azure,asia-south,n1-standard-1,1,3.75,0.0475,no_action,273.64,528.29,28.31,0.1366
1/2/2024 20:30,89.29,89.46,346.57,290.11,GCP,asia-south,B1s,1,1,0.012,scale_up,216.92,1747.28,89.38,0.018
1/2/2024 20:35,35.79,82.24,498.76,127.02,GCP,us-east,B1s,1,1,0.012,no_action,243.52,1221.32,59.02,0.018
1/2/2024 20:40,97.6,51.85,431.32,156.15,AWS,asia-south,B1s,1,1,0.012,scale_up,220.11,1484.68,74.72,0.018
1/2/2024 20:45,97.78,83.53,433.65,944.17,Azure,asia-south,t2.micro,1,1,0.0116,scale_up,207.29,1775.77,90.66,0.0174
1/2/2024 20:50,16.39,28.97,153.21,522.2,GCP,us-west,t2.micro,1,1,0.0116,scale_down,272.41,439.36,22.68,0.0174
1/2/2024 20:55,25.07,23.25,487.88,783.36,GCP,us-west,n1-standard-1,1,3.75,0.0475,scale_down,275.22,507.17,24.16,0.1366
1/2/2024 21:00,35.05,81.85,196.81,369.45,GCP,us-west,B1s,1,1,0.012,no_action,236.68,1151.4,58.45,0.018
1/2/2024 21:05,33.08,41.98,353.3,156.31,AWS,us-west,n1-standard-1,1,3.75,0.0475,no_action,268.42,722.73,37.53,0.1366
1/2/2024 21:10,23.22,40.84,439.1,239.43,GCP,asia-south,n1-standard-1,1,3.75,0.0475,no_action,267.66,598.18,32.03,0.1366
1/2/2024 21:15,37.22,60.71,411.71,223.43,GCP,us-east,B1s,1,1,0.012,no_action,252.87,1113.95,48.97,0.018
1/2/2024 21:20,22.97,66.16,173.14,539.05,GCP,us-east,t2.micro,1,1,0.0116,no_action,254.63,849.65,44.56,0.0174
1/2/2024 21:25,37.58,84.01,75.64,476.75,AWS,us-east,n1-standard-1,1,3.75,0.0475,no_action,256.59,1199.84,60.8,0.1366
1/2/2024 21:30,61.69,70.05,399.67,875.98,AWS,asia-south,B1s,1,1,0.012,no_action,238.07,1221.02,65.87,0.018
1/2/2024 21:35,85.61,99.05,450.28,434.32,GCP,us-east,B1s,1,1,0.012,scale_up,207.18,1776.34,92.33,0.018
1/2/2024 21:40,76.75,54.33,267.43,854.41,AWS,asia-south,B1s,1,1,0.012,no_action,243.97,1292.47,65.54,0.018
1/2/2024 21:45,46.61,39.54,254.3,786.2,Azure,us-west,B1s,1,1,0.012,no_action,254.49,846.51,43.08,0.018
1/2/2024 21:50,95.63,25.79,305.48,621.38,AWS,us-west,n1-standard-1,1,3.75,0.0475,scale_up,261.48,1206.25,60.71,0.1366
1/2/2024 21:55,30.68,59.74,217.48,695.5,Azure,us-west,B1s,1,1,0.012,no_action,256.96,849.33,45.21,0.018
1/2/2024 22:00,26.67,35.08,148.42,264.55,AWS,us-west,B1s,1,1,0.012,no_action,263.64,659.17,30.88,0.018
1/2/2024 22:05,93.44,97.29,307.07,228.7,GCP,us-west,t2.micro,1,1,0.0116,scale_up,216.81,1881.64,95.37,0.0174
1/2/2024 22:10,43.07,17.83,300.55,860.61,Azure,asia-south,t2.micro,1,1,0.0116,no_action,264.24,633.19,30.45,0.0174
1/2/2024 22:15,70.55,29.85,148.19,886.66,AWS,asia-south,n1-standard-1,1,3.75,0.0475,no_action,241.41,959.67,50.2,0.1366
1/2/2024 22:20,10.06,88.36,406.67,664.6,AWS,us-east,n1-standard-1,1,3.75,0.0475,scale_up,244.42,1007.12,49.21,0.1366
1/2/2024 22:25,51.25,41.61,92.2,537.52,Azure,us-west,t2.micro,1,1,0.0116,no_action,244.2,895.21,46.43,0.0174
1/2/2024 22:30,31.43,91.76,260.63,519.67,GCP,asia-south,t2.micro,1,1,0.0116,scale_up,232.34,1254.78,61.59,0.0174
1/2/2024 22:35,53.85,48.7,318.61,999.6,GCP,asia-south,B1s,1,1,0.012,no_action,243.46,1094.92,51.28,0.018
1/2/2024 22:40,84.48,25.36,63.71,284,Azure,asia-south,B1s,1,1,0.012,no_action,246.49,991.87,54.92,0.018
1/2/2024 22:45,65.36,91.95,279.43,551.15,Azure,us-east,B1s,1,1,0.012,scale_up,200.5,1659.33,78.66,0.018
1/2/2024 22:50,85.53,24.46,61.24,504.13,Azure,asia-south,n1-standard-1,1,3.75,0.0475,scale_up,239.31,1116.38,55,0.1366
1/2/2024 22:55,64.75,35.29,128.07,441.78,AWS,us-east,n1-standard-1,1,3.75,0.0475,no_action,245.48,1063.26,50.02,0.1366
1/2/2024 23:00,77.57,21.29,397.75,313.24,Azure,us-west,n1-standard-1,1,3.75,0.0475,no_action,257.43,1081.03,49.43,0.1366
1/2/2024 23:05,93.62,44.86,79.77,117.24,GCP,us-east,t2.micro,1,1,0.0116,scale_up,231.74,1449.59,69.24,0.0174
1/2/2024 23:10,79.77,31.1,205.29,127.09,AWS,asia-south,B1s,1,1,0.012,no_action,245.48,1121.31,55.44,0.018
1/2/2024 23:15,93.99,33.89,325.16,710.65,GCP,us-east,t2.micro,1,1,0.0116,scale_up,244.75,1256.02,63.94,0.0174
1/2/2024 23:20,95.24,89.64,382.58,349.72,Azure,asia-south,t2.micro,1,1,0.0116,scale_up,216.32,1922.43,92.44,0.0174
1/2/2024 23:25,99.11,38.07,202.99,171.05,AWS,asia-south,B1s,1,1,0.012,scale_up,215.02,1352.18,68.59,0.018
1/2/2024 23:30,40.9,85.11,470.97,267.16,AWS,us-west,n1-standard-1,1,3.75,0.0475,scale_up,243.4,1250.57,63,0.1366
1/2/2024 23:35,15.56,18.31,123.26,635.69,GCP,us-west,t2.micro,1,1,0.0116,scale_down,283.92,189.14,16.93,0.0174
1/2/2024 23:40,32.2,52.39,347.86,776.06,GCP,us-west,B1s,1,1,0.012,no_action,262.37,921.95,42.3,0.018
1/2/2024 23:45,91.39,83.57,390.67,150.04,GCP,asia-south,B1s,1,1,0.012,scale_up,203.03,1836.97,87.48,0.018
1/2/2024 23:50,46.22,89.61,453,918.26,AWS,us-east,t2.micro,1,1,0.0116,scale_up,243.44,1302.99,67.91,0.0174
1/2/2024 23:55,34.45,27.15,133.08,407.9,AWS,asia-south,t2.micro,1,1,0.0116,no_action,281.43,603.06,30.8,0.0174
1/3/2024 0:00,20.79,76.14,289.15,359.15,Azure,us-east,n1-standard-1,1,3.75,0.0475,no_action,232.41,965.87,48.47,0.1366
1/3/2024 0:05,63.65,49.05,123.98,204.92,GCP,asia-south,n1-standard-1,1,3.75,0.0475,no_action,252.76,1132.29,56.35,0.1366
1/3/2024 0:10,40.96,75.97,346.4,938.4,GCP,asia-south,n1-standard-1,1,3.75,0.0475,no_action,244.18,1232.92,58.47,0.1366
1/3/2024 0:15,69.13,90.85,229.78,394.12,GCP,us-west,t2.micro,1,1,0.0116,scale_up,218.78,1604.47,79.99,0.0174
1/3/2024 0:20,61.92,51.76,103.42,982.51,Azure,us-east,n1-standard-1,1,3.75,0.0475,no_action,258.32,1166.91,56.84,0.1366
1/3/2024 0:25,12.92,69.28,289.53,192.94,GCP,us-east,n1-standard-1,1,3.75,0.0475,no_action,261.48,759.91,41.1,0.1366
1/3/2024 0:30,36.67,94.45,418.43,985.21,Azure,asia-south,B1s,1,1,0.012,scale_up,215.36,1268.18,65.56,0.018
1/3/2024 0:35,14.53,14.75,361.41,512.14,GCP,asia-south,B1s,1,1,0.012,scale_down,290.93,226.03,14.64,0.018
1/3/2024 0:40,32.76,61.99,211.64,841.2,GCP,us-east,t2.micro,1,1,0.0116,no_action,251.69,1013.79,47.38,0.0174
1/3/2024 0:45,41.57,42.63,412.57,395.36,GCP,asia-south,t2.micro,1,1,0.0116,no_action,242.71,700.39,42.1,0.0174
1/3/2024 0:50,85.68,29.91,221.45,827.57,AWS,us-east,n1-standard-1,1,3.75,0.0475,scale_up,238.09,1213.6,57.8,0.1366
1/3/2024 0:55,51.32,37.3,469.65,206.78,AWS,us-east,n1-standard-1,1,3.75,0.0475,no_action,257.59,908.66,44.31,0.1366
1/3/2024 1:00,57.84,12.94,264.02,466.97,GCP,us-west,t2.micro,1,1,0.0116,no_action,269.15,658.69,35.39,0.0174
1/3/2024 1:05,97.4,60.6,371.64,161.61,AWS,us-west,B1s,1,1,0.012,scale_up,211.37,1569.67,79,0.018
1/3/2024 1:10,65.15,94.46,347.8,169.12,GCP,us-east,t2.micro,1,1,0.0116,scale_up,227.34,1493.6,79.81,0.0174
1/3/2024 1:15,46.29,85.03,416.6,650.65,GCP,asia-south,B1s,1,1,0.012,scale_up,220.62,1277.73,65.66,0.018
1/3/2024 1:20,19.53,41.94,235.93,708.24,AWS,asia-south,B1s,1,1,0.012,no_action,263.71,624.92,30.73,0.018
1/3/2024 1:25,45.57,26.36,120.57,844.57,Azure,us-west,t2.micro,1,1,0.0116,no_action,263.1,692.83,35.97,0.0174
1/3/2024 1:30,25.14,89.14,300.67,308.24,GCP,asia-south,t2.micro,1,1,0.0116,scale_up,260.41,1143.72,57.14,0.0174
1/3/2024 1:35,96.23,29.84,448.78,940.87,GCP,us-east,n1-standard-1,1,3.75,0.0475,scale_up,239.22,1295.34,63.04,0.1366
1/3/2024 1:40,66.68,46.29,388.58,578.16,AWS,us-west,B1s,1,1,0.012,no_action,236.18,1220.6,56.48,0.018
1/3/2024 1:45,75.83,84.2,115.9,849.64,GCP,asia-south,n1-standard-1,1,3.75,0.0475,no_action,231.99,1607.32,80.02,0.1366
1/3/2024 1:50,48.82,44.11,461.78,326.05,Azure,asia-south,n1-standard-1,1,3.75,0.0475,no_action,252.97,990.25,46.47,0.1366
1/3/2024 1:55,56.27,37.76,307.87,392.69,GCP,us-east,n1-standard-1,1,3.75,0.0475,no_action,252.04,961.28,47.02,0.1366
1/3/2024 2:00,75.55,41.12,351.99,824.89,AWS,us-west,t2.micro,1,1,0.0116,no_action,240.37,1195.69,58.33,0.0174
1/3/2024 2:05,80.5,33.93,495.65,123.19,Azure,us-west,B1s,1,1,0.012,no_action,259.28,1197.83,57.22,0.018
1/3/2024 2:10,71.92,20.83,472.34,263.06,GCP,us-east,n1-standard-1,1,3.75,0.0475,no_action,240.69,956.12,46.38,0.1366
1/3/2024 2:15,37.65,59.18,237.74,244.2,AWS,us-east,n1-standard-1,1,3.75,0.0475,no_action,248.58,907.83,48.41,0.1366
1/3/2024 2:20,78.16,90.82,87.86,453.79,Azure,us-west,B1s,1,1,0.012,scale_up,226,1772.57,84.49,0.018
1/3/2024 2:25,24.67,31.04,60.67,851.45,AWS,us-west,n1-standard-1,1,3.75,0.0475,no_action,277.06,539.2,27.86,0.1366
1/3/2024 2:30,93.38,47.77,72.78,135.45,Azure,us-west,t2.micro,1,1,0.0116,scale_up,210.33,1477.42,70.58,0.0174
1/3/2024 2:35,12.58,62.49,55.09,808.63,GCP,us-east,t2.micro,1,1,0.0116,no_action,261.57,748.82,37.54,0.0174
1/3/2024 2:40,62.95,45.79,488.21,589.78,Azure,asia-south,t2.micro,1,1,0.0116,no_action,255.15,1036.34,54.37,0.0174
1/3/2024 2:45,34.43,91.38,218.62,594.88,Azure,asia-south,t2.micro,1,1,0.0116,scale_up,236.1,1227.96,62.91,0.0174
1/3/2024 2:50,84.91,82.51,150.94,303.47,GCP,us-west,B1s,1,1,0.012,no_action,215.18,1629.37,83.71,0.018
1/3/2024 2:55,40.37,88.36,87.59,290.01,Azure,us-east,t2.micro,1,1,0.0116,scale_up,206.57,1268.56,64.36,0.0174
1/3/2024 3:00,40.1,45.51,288.47,245.23,AWS,us-east,n1-standard-1,1,3.75,0.0475,no_action,270.48,871.76,42.8,0.1366
1/3/2024 3:05,78.41,23.85,117.16,341.36,AWS,us-east,B1s,1,1,0.012,no_action,237.33,935.01,51.13,0.018
1/3/2024 3:10,71.17,15.1,65.6,452.72,AWS,asia-south,t2.micro,1,1,0.0116,no_action,247.41,893.11,43.13,0.0174
1/3/2024 3:15,67.74,33.38,448.74,906.12,AWS,asia-south,n1-standard-1,1,3.75,0.0475,no_action,239.42,973.58,50.56,0.1366
1/3/2024 3:20,47.02,31.65,352.57,843.46,GCP,asia-south,B1s,1,1,0.012,no_action,270.45,812.81,39.34,0.018
1/3/2024 3:25,45.73,24.07,382.08,424.43,GCP,asia-south,B1s,1,1,0.012,no_action,253.13,742.68,34.9,0.018
1/3/2024 3:30,17.31,99.33,120.29,989.58,Azure,asia-south,B1s,1,1,0.012,scale_up,250.61,1257.88,58.32,0.018
1/3/2024 3:35,87.95,36.05,260.46,657.45,GCP,asia-south,n1-standard-1,1,3.75,0.0475,scale_up,222.65,1146,62,0.1366
1/3/2024 3:40,39.73,60.78,432.76,281.38,AWS,us-west,t2.micro,1,1,0.0116,no_action,251.6,1026.37,50.25,0.0174
1/3/2024 3:45,84.09,60.06,400.78,114.58,GCP,us-west,B1s,1,1,0.012,no_action,218.4,1407.65,72.08,0.018
1/3/2024 3:50,78.88,32.77,439.5,192.56,GCP,us-west,B1s,1,1,0.012,no_action,253.18,1139.06,55.83,0.018
1/3/2024 3:55,39.19,70.88,317.41,642.84,AWS,us-west,B1s,1,1,0.012,no_action,252.32,1189.79,55.03,0.018
1/3/2024 4:00,48.62,34.83,395.86,303.65,AWS,us-west,n1-standard-1,1,3.75,0.0475,no_action,247.77,872.37,41.72,0.1366
1/3/2024 4:05,66.28,77.24,148.42,153.95,GCP,us-east,t2.micro,1,1,0.0116,no_action,231.08,1385.81,71.76,0.0174
1/3/2024 4:10,86.45,14.05,380.37,407.19,GCP,us-west,t2.micro,1,1,0.0116,scale_up,257.54,1003.05,50.25,0.0174
1/3/2024 4:15,39.88,51.88,56.16,173.44,Azure,us-east,B1s,1,1,0.012,no_action,243.41,1013.17,45.88,0.018
1/3/2024 4:20,59.33,25.72,183.17,697.44,Azure,asia-south,n1-standard-1,1,3.75,0.0475,no_action,259.32,897.4,42.52,0.1366
1/3/2024 4:25,60.75,55.03,81.23,180.89,GCP,asia-south,B1s,1,1,0.012,no_action,225.42,1210.74,57.89,0.018
1/3/2024 4:30,92.55,46.59,114.48,743.25,Azure,us-east,n1-standard-1,1,3.75,0.0475,scale_up,232.72,1298.5,69.57,0.1366
1/3/2024 4:35,72.8,91.02,406.49,708.72,Azure,asia-south,t2.micro,1,1,0.0116,scale_up,221.77,1645.6,81.91,0.0174
1/3/2024 4:40,36.62,10.1,172.38,296.1,GCP,asia-south,n1-standard-1,1,3.75,0.0475,no_action,288.51,539.02,23.36,0.1366
1/3/2024 4:45,63.41,11.46,377.95,391.18,Azure,us-east,t2.micro,1,1,0.0116,no_action,269.22,845.76,37.44,0.0174
1/3/2024 4:50,40.85,22.11,92.49,848.37,GCP,us-east,n1-standard-1,1,3.75,0.0475,no_action,270.83,661.92,31.48,0.1366
1/3/2024 4:55,19.31,46.18,378.02,801.84,Azure,us-east,B1s,1,1,0.012,no_action,258.09,722.67,32.74,0.018
1/3/2024 5:00,32.9,11.16,293.13,866.04,Azure,us-east,t2.micro,1,1,0.0116,no_action,278.77,468.3,22.03,0.0174
1/3/2024 5:05,56.3,17.66,296.99,441.98,AWS,asia-south,n1-standard-1,1,3.75,0.0475,no_action,247.41,814.77,36.98,0.1366
1/3/2024 5:10,31.63,18.55,191.71,186.98,GCP,asia-south,B1s,1,1,0.012,no_action,289.1,377.41,25.09,0.018
1/3/2024 5:15,88.63,99.6,312.22,831.23,Azure,us-east,n1-standard-1,1,3.75,0.0475,scale_up,193.81,1828.53,94.11,0.1366
1/3/2024 5:20,46.24,70.53,356.99,383.72,GCP,us-west,n1-standard-1,1,3.75,0.0475,no_action,245,1120.8,58.39,0.1366
1/3/2024 5:25,21.55,62.06,362.04,730.55,GCP,us-west,B1s,1,1,0.012,no_action,263.52,854.18,41.8,0.018
1/3/2024 5:30,55,75.72,328.63,267.98,Azure,us-east,B1s,1,1,0.012,no_action,255.5,1256.46,65.36,0.018
1/3/2024 5:35,86.5,27.66,106.5,967.13,Azure,us-west,t2.micro,1,1,0.0116,scale_up,242.38,1092.48,57.08,0.0174
1/3/2024 5:40,62.7,58.72,88.71,151.32,GCP,us-east,B1s,1,1,0.012,no_action,241.25,1169,60.71,0.018
1/3/2024 5:45,58.99,31.04,337,838.06,Azure,us-west,n1-standard-1,1,3.75,0.0475,no_action,254.96,870.84,45.02,0.1366
1/3/2024 5:50,72.04,32.71,188.5,652.27,GCP,asia-south,B1s,1,1,0.012,no_action,263.52,1076.2,52.38,0.018
1/3/2024 5:55,42.83,67.69,259.78,270.94,Azure,us-east,n1-standard-1,1,3.75,0.0475,no_action,249.77,1195.02,55.26,0.1366
1/3/2024 6:00,42.28,92.02,59.42,384.2,AWS,asia-south,B1s,1,1,0.012,scale_up,222.59,1404.5,67.15,0.018
1/3/2024 6:05,70.81,45.63,390.31,508.77,AWS,us-west,n1-standard-1,1,3.75,0.0475,no_action,248.57,1157.55,58.22,0.1366
1/3/2024 6:10,32.58,20.84,313.04,972.39,Azure,asia-south,B1s,1,1,0.012,no_action,267.35,525.92,26.71,0.018
1/3/2024 6:15,40.54,55.53,122.87,692.29,GCP,us-east,B1s,1,1,0.012,no_action,240.43,876.33,48.03,0.018
1/3/2024 6:20,20.36,89.49,236.67,448.55,Azure,us-east,n1-standard-1,1,3.75,0.0475,scale_up,237.98,1196.16,54.92,0.1366
1/3/2024 6:25,68.34,15.53,416.18,946.45,Azure,us-west,B1s,1,1,0.012,no_action,262.07,845.25,41.94,0.018
1/3/2024 6:30,23.63,52.97,320.81,623.56,GCP,us-east,B1s,1,1,0.012,no_action,244.87,714.8,38.3,0.018
1/3/2024 6:35,21.41,45.26,123.2,760.93,Azure,asia-south,B1s,1,1,0.012,no_action,288.32,726.23,33.34,0.018
1/3/2024 6:40,88.47,61.93,205.47,822.71,Azure,us-east,B1s,1,1,0.012,scale_up,216.64,1507.91,75.2,0.018
1/3/2024 6:45,60.93,91.72,228.34,366.69,Azure,us-west,B1s,1,1,0.012,scale_up,222.94,1522.72,76.33,0.018
1/3/2024 6:50,48.95,63.61,86.28,945.61,GCP,us-east,n1-standard-1,1,3.75,0.0475,no_action,248.78,1200.06,56.28,0.1366
1/3/2024 6:55,84.56,17.22,264.58,667.08,GCP,us-east,t2.micro,1,1,0.0116,no_action,254.02,1046.29,50.89,0.0174
1/3/2024 7:00,34.94,94.68,105.96,887.62,GCP,us-west,t2.micro,1,1,0.0116,scale_up,239.55,1169.59,64.81,0.0174
1/3/2024 7:05,62.26,94.23,352.51,533.15,AWS,us-east,t2.micro,1,1,0.0116,scale_up,215.01,1544.75,78.25,0.0174
1/3/2024 7:10,49.59,67.96,221.43,149.11,AWS,us-west,t2.micro,1,1,0.0116,no_action,249.63,1185.89,58.77,0.0174
1/3/2024 7:15,44.49,29.47,249.16,143.53,Azure,asia-south,B1s,1,1,0.012,no_action,267.28,760.51,36.98,0.018
1/3/2024 7:20,62.92,41.78,409.9,599.22,Azure,us-east,B1s,1,1,0.012,no_action,252.09,1102.07,52.35,0.018
1/3/2024 7:25,80.6,63.87,236.36,962.15,GCP,asia-south,t2.micro,1,1,0.0116,no_action,250.49,1489.15,72.23,0.0174
1/3/2024 7:30,29.84,66.31,307.22,266.35,Azure,us-west,t2.micro,1,1,0.0116,no_action,253.38,930.79,48.08,0.0174
1/3/2024 7:35,78.73,57.11,152.05,699.87,AWS,us-east,B1s,1,1,0.012,no_action,230.96,1318.15,67.92,0.018
1/3/2024 7:40,24.7,26.6,141.03,448.04,Azure,us-east,B1s,1,1,0.012,scale_down,273.07,484.97,25.65,0.018
1/3/2024 7:45,56.05,53.5,222.25,855.23,GCP,us-east,n1-standard-1,1,3.75,0.0475,no_action,245.41,1036.92,54.77,0.1366
1/3/2024 7:50,15.58,16.4,308.24,609.42,GCP,asia-south,B1s,1,1,0.012,scale_down,285.58,370.98,15.99,0.018
1/3/2024 7:55,96.38,14.38,94.1,139.66,AWS,us-west,B1s,1,1,0.012,scale_up,246.37,1040.76,55.38,0.018
1/3/2024 8:00,68.1,14.1,475.69,857.95,GCP,asia-south,n1-standard-1,1,3.75,0.0475,no_action,254.35,811.07,41.1,0.1366
1/3/2024 8:05,25.29,21.42,105.48,566.71,AWS,asia-south,t2.micro,1,1,0.0116,scale_down,269.47,402.87,23.36,0.0174
1/3/2024 8:10,99.06,71.59,477.04,228.3,GCP,us-west,t2.micro,1,1,0.0116,scale_up,224.45,1601.22,85.33,0.0174
1/3/2024 8:15,16.91,10.38,351.7,677.64,GCP,asia-south,B1s,1,1,0.012,scale_down,283.33,142.74,13.64,0.018
1/3/2024 8:20,47.39,12.16,200.92,259.37,GCP,us-west,n1-standard-1,1,3.75,0.0475,no_action,285.53,628.75,29.77,0.1366
1/3/2024 8:25,38.38,45.38,156.62,187.27,GCP,asia-south,B1s,1,1,0.012,no_action,263.08,810.83,41.88,0.018
1/3/2024 8:30,70.98,59.22,263.79,930.19,GCP,us-east,t2.micro,1,1,0.0116,no_action,233.07,1284.17,65.1,0.0174
1/3/2024 8:35,41.49,80.42,496.63,316.6,Azure,us-east,n1-standard-1,1,3.75,0.0475,no_action,239.5,1221.66,60.95,0.1366
1/3/2024 8:40,30.22,45.94,234.35,980.4,AWS,asia-south,n1-standard-1,1,3.75,0.0475,no_action,266.92,734.92,38.08,0.1366
1/3/2024 8:45,40.08,75.78,239,620.52,GCP,asia-south,t2.micro,1,1,0.0116,no_action,246.42,1182.37,57.93,0.0174
1/3/2024 8:50,87.98,15.37,361.42,225.99,Azure,asia-south,t2.micro,1,1,0.0116,scale_up,261.12,922.66,51.68,0.0174
1/3/2024 8:55,46.25,56.77,498.44,221.7,GCP,us-east,t2.micro,1,1,0.0116,no_action,238.83,1111.66,51.51,0.0174
1/3/2024 9:00,21.97,24.29,477.17,891.64,GCP,us-west,B1s,1,1,0.012,scale_down,271.05,403.91,23.13,0.018
1/3/2024 9:05,70.23,53.54,238.28,422.03,AWS,us-west,t2.micro,1,1,0.0116,no_action,253.09,1330.59,61.89,0.0174
1/3/2024 9:10,24.53,52.46,299.06,613.26,AWS,us-west,n1-standard-1,1,3.75,0.0475,no_action,268.29,729.28,38.5,0.1366
1/3/2024 9:15,12.27,41.93,401.1,607.5,AWS,us-west,t2.micro,1,1,0.0116,no_action,281.69,488.13,27.1,0.0174
1/3/2024 9:20,61.07,81.66,380.76,649.1,GCP,asia-south,n1-standard-1,1,3.75,0.0475,no_action,217.52,1425.51,71.36,0.1366
1/3/2024 9:25,33.52,47.72,319.68,562.34,AWS,us-west,t2.micro,1,1,0.0116,no_action,240.98,810.79,40.62,0.0174
1/3/2024 9:30,76.11,12.16,313.17,947.33,GCP,us-east,t2.micro,1,1,0.0116,no_action,254.73,817.74,44.13,0.0174
1/3/2024 9:35,18.23,66.31,297.74,466.63,GCP,us-east,B1s,1,1,0.012,no_action,267.31,847.98,42.27,0.018
1/3/2024 9:40,27.67,12.03,437.75,619.41,Azure,us-west,t2.micro,1,1,0.0116,scale_down,282.39,442.2,19.85,0.0174
1/3/2024 9:45,82.91,48.67,387.44,921.74,AWS,us-east,n1-standard-1,1,3.75,0.0475,no_action,221.51,1330.15,65.79,0.1366
1/3/2024 9:50,34.19,27.88,161.09,375.77,GCP,asia-south,t2.micro,1,1,0.0116,no_action,290.21,687.27,31.03,0.0174
1/3/2024 9:55,48.38,65.39,86.71,179.01,Azure,us-west,n1-standard-1,1,3.75,0.0475,no_action,243.83,1073.02,56.89,0.1366
1/3/2024 10:00,29.26,35.5,230.14,830.68,Azure,us-east,t2.micro,1,1,0.0116,no_action,278.3,677.81,32.38,0.0174
1/3/2024 10:05,93.95,11.81,119.2,897.55,AWS,us-west,t2.micro,1,1,0.0116,scale_up,270.16,983.63,52.88,0.0174
1/3/2024 10:10,69.67,71.12,469.28,997.25,AWS,asia-south,B1s,1,1,0.012,no_action,219.87,1458.26,70.4,0.018
1/3/2024 10:15,89.18,14.43,153.99,907.65,Azure,asia-south,n1-standard-1,1,3.75,0.0475,scale_up,239.96,1000.14,51.81,0.1366
1/3/2024 10:20,22.43,87.32,275.03,707.4,AWS,us-west,t2.micro,1,1,0.0116,scale_up,252.95,1057.96,54.88,0.0174
1/3/2024 10:25,78.4,38.13,234.81,288.72,GCP,us-east,t2.micro,1,1,0.0116,no_action,242.08,1170.87,58.27,0.0174
1/3/2024 10:30,94.11,37.3,401.85,789.27,AWS,us-west,B1s,1,1,0.012,scale_up,224.44,1299.89,65.7,0.018
1/3/2024 10:35,70.45,75.64,308.78,286.14,Azure,us-west,t2.micro,1,1,0.0116,no_action,207.17,1463.25,73.05,0.0174
1/3/2024 10:40,48.47,68.07,385.35,309,AWS,us-west,B1s,1,1,0.012,no_action,226.3,1133.76,58.27,0.018
1/3/2024 10:45,27.88,80.5,459.16,433.21,Azure,us-east,B1s,1,1,0.012,no_action,250.03,1097.14,54.19,0.018
1/3/2024 10:50,86.15,26.45,480.33,439.01,Azure,asia-south,t2.micro,1,1,0.0116,scale_up,238.73,1116.87,56.3,0.0174
1/3/2024 10:55,53.76,19.81,161.84,385.25,Azure,us-east,n1-standard-1,1,3.75,0.0475,no_action,265.8,746.34,36.78,0.1366
1/3/2024 11:00,37.22,87.28,435.75,788.19,GCP,us-east,B1s,1,1,0.012,scale_up,242.2,1203.72,62.25,0.018
1/3/2024 11:05,95.05,71.43,199.23,550.52,GCP,us-east,B1s,1,1,0.012,scale_up,218.36,1775.43,83.24,0.018
1/3/2024 11:10,20.8,38.09,411.08,875.28,GCP,us-east,B1s,1,1,0.012,no_action,282.48,526.01,29.45,0.018
1/3/2024 11:15,77.66,83.08,475.59,381.63,Azure,us-east,B1s,1,1,0.012,no_action,229.92,1651.02,80.37,0.018
1/3/2024 11:20,71,32.71,442.87,251.97,GCP,us-east,B1s,1,1,0.012,no_action,248.88,1029.59,51.86,0.018
1/3/2024 11:25,52.79,86.42,222.53,251.45,Azure,asia-south,B1s,1,1,0.012,scale_up,232.18,1453.56,69.61,0.018
1/3/2024 11:30,27.03,74.83,280,643.88,Azure,us-east,n1-standard-1,1,3.75,0.0475,no_action,261.82,1011.01,50.93,0.1366
1/3/2024 11:35,84.66,73.84,97.43,854.97,GCP,us-east,B1s,1,1,0.012,no_action,232.93,1637.87,79.25,0.018
1/3/2024 11:40,42.67,89.14,376.42,201.33,GCP,us-west,n1-standard-1,1,3.75,0.0475,scale_up,243.43,1306.96,65.91,0.1366
1/3/2024 11:45,14.25,96.53,355.62,668.24,Azure,us-east,n1-standard-1,1,3.75,0.0475,scale_up,235.45,1065.95,55.39,0.1366
1/3/2024 11:50,94.79,36.84,398.98,453.81,AWS,us-west,t2.micro,1,1,0.0116,scale_up,238.43,1318.27,65.81,0.0174
1/3/2024 11:55,43.22,42.15,204.84,568.49,Azure,asia-south,B1s,1,1,0.012,no_action,267.44,845.79,42.69,0.018
1/3/2024 12:00,55.5,55.7,112.27,984.47,AWS,asia-south,B1s,1,1,0.012,no_action,242.59,1106.68,55.6,0.018
1/3/2024 12:05,69.68,63.58,236.82,479.97,GCP,us-east,t2.micro,1,1,0.0116,no_action,227.15,1361.74,66.63,0.0174
1/3/2024 12:10,83.82,68.39,238.54,512.23,GCP,asia-south,n1-standard-1,1,3.75,0.0475,no_action,232.48,1480.69,76.1,0.1366
1/3/2024 12:15,56.16,38.88,318.22,996.16,Azure,us-east,B1s,1,1,0.012,no_action,260.41,944.3,47.52,0.018
1/3/2024 12:20,41.05,14.93,141.91,476.83,GCP,asia-south,n1-standard-1,1,3.75,0.0475,no_action,264.86,585.86,27.99,0.1366
1/3/2024 12:25,20.83,16.08,375.81,935.93,Azure,us-east,t2.micro,1,1,0.0116,scale_down,271.59,360.02,18.45,0.0174
1/3/2024 12:30,56.12,41.39,218.67,659.2,AWS,asia-south,n1-standard-1,1,3.75,0.0475,no_action,245.39,991.56,48.75,0.1366
1/3/2024 12:35,13.2,99.49,154.73,148.45,AWS,us-west,t2.micro,1,1,0.0116,scale_up,256.18,1104.49,56.34,0.0174
1/3/2024 12:40,40.71,49.98,354.01,558,AWS,us-east,t2.micro,1,1,0.0116,no_action,257.43,905.79,45.34,0.0174
1/3/2024 12:45,53.49,98.82,389.56,323.74,GCP,us-west,B1s,1,1,0.012,scale_up,226.1,1523.98,76.16,0.018
1/3/2024 12:50,87.18,18.76,367.87,411.02,GCP,asia-south,n1-standard-1,1,3.75,0.0475,scale_up,253.68,1031.75,52.97,0.1366
1/3/2024 12:55,40.36,84.48,50.27,377.04,GCP,us-east,B1s,1,1,0.012,no_action,229.76,1210.41,62.42,0.018
1/3/2024 13:00,16.14,26.84,300,362.22,AWS,us-west,n1-standard-1,1,3.75,0.0475,scale_down,260.2,368.38,21.49,0.1366
1/3/2024 13:05,88.83,91.48,271.83,397.14,AWS,asia-south,n1-standard-1,1,3.75,0.0475,scale_up,208.34,1786.77,90.16,0.1366
1/3/2024 13:10,36.83,38.84,123.93,804.85,GCP,us-east,n1-standard-1,1,3.75,0.0475,no_action,265.33,712.44,37.84,0.1366
1/3/2024 13:15,21.15,16.35,459.24,271.12,GCP,us-west,B1s,1,1,0.012,scale_down,283.06,440.16,18.75,0.018
1/3/2024 13:20,17.01,95.99,161.13,873.68,GCP,us-west,n1-standard-1,1,3.75,0.0475,scale_up,246.07,1117.97,56.5,0.1366
1/3/2024 13:25,11.19,56.06,396.25,941.32,AWS,us-west,B1s,1,1,0.012,no_action,264.73,683.1,33.62,0.018
1/3/2024 13:30,35.58,36.01,219.67,453.99,GCP,us-west,B1s,1,1,0.012,no_action,252.03,723.87,35.8,0.018
1/3/2024 13:35,72.21,25.08,189.64,553.01,GCP,us-east,B1s,1,1,0.012,no_action,257.9,1013.44,48.64,0.018
1/3/2024 13:40,68.1,24.02,296.17,178.7,GCP,us-east,n1-standard-1,1,3.75,0.0475,no_action,241.3,831.54,46.06,0.1366
1/3/2024 13:45,13.58,34.66,480.04,958.27,Azure,us-east,B1s,1,1,0.012,no_action,272.05,476.21,24.12,0.018
1/3/2024 13:50,26.12,45.3,476.5,227.08,GCP,us-west,t2.micro,1,1,0.0116,no_action,260.29,727.66,35.71,0.0174
1/3/2024 13:55,98.31,44.35,398.86,408.33,AWS,us-west,B1s,1,1,0.012,scale_up,216.91,1450.98,71.33,0.018
1/3/2024 14:00,23.14,94.43,462.94,898.72,GCP,us-west,n1-standard-1,1,3.75,0.0475,scale_up,253.03,1199.75,58.79,0.1366
1/3/2024 14:05,16.21,40.13,191.17,672.08,Azure,asia-south,n1-standard-1,1,3.75,0.0475,no_action,262.13,543.52,28.17,0.1366
1/3/2024 14:10,63.68,83.29,221.96,219.04,AWS,asia-south,n1-standard-1,1,3.75,0.0475,no_action,220.37,1434.21,73.48,0.1366
1/3/2024 14:15,36.99,67.85,320.43,726.47,GCP,us-west,t2.micro,1,1,0.0116,no_action,258.49,1025.25,52.42,0.0174
1/3/2024 14:20,28.37,52.21,410.42,262.14,Azure,us-west,B1s,1,1,0.012,no_action,272.67,750.44,40.29,0.018
1/3/2024 14:25,12.28,72.1,192.25,150.17,GCP,us-west,B1s,1,1,0.012,no_action,243.85,873.37,42.19,0.018
1/3/2024 14:30,44.81,17.25,116.22,368.18,AWS,us-east,B1s,1,1,0.012,no_action,268.9,609.82,31.03,0.018
1/3/2024 14:35,21.09,37.69,466.73,245.53,Azure,us-west,n1-standard-1,1,3.75,0.0475,no_action,273.81,670.48,29.39,0.1366
1/3/2024 14:40,89.6,59.86,290.55,275.91,Azure,asia-south,B1s,1,1,0.012,scale_up,214.3,1420.75,74.73,0.018
1/3/2024 14:45,78.38,40.49,478.43,764.13,AWS,us-east,t2.micro,1,1,0.0116,no_action,250.07,1200.85,59.44,0.0174
1/3/2024 14:50,14.46,33.14,259.27,304.28,Azure,asia-south,n1-standard-1,1,3.75,0.0475,no_action,279.22,484.78,23.8,0.1366
1/3/2024 14:55,48.14,40.79,482.7,500.37,AWS,us-east,t2.micro,1,1,0.0116,no_action,233.57,881.19,44.47,0.0174
1/3/2024 15:00,91.86,61.21,392.98,830.63,AWS,asia-south,n1-standard-1,1,3.75,0.0475,scale_up,215.47,1435.3,76.53,0.1366
1/3/2024 15:05,86.36,42.69,407.27,946.89,GCP,us-west,B1s,1,1,0.012,scale_up,249.41,1326.03,64.53,0.018
1/3/2024 15:10,82.46,86.05,227.77,146.14,AWS,asia-south,t2.micro,1,1,0.0116,scale_up,232.44,1637.97,84.25,0.0174
1/3/2024 15:15,50.53,77.41,210.64,671.27,Azure,us-west,n1-standard-1,1,3.75,0.0475,no_action,241.89,1242.56,63.97,0.1366
1/3/2024 15:20,59.11,28.37,181.36,773.75,GCP,us-west,t2.micro,1,1,0.0116,no_action,241.27,870.21,43.74,0.0174
1/3/2024 15:25,97.05,74.36,480.71,484.39,Azure,us-east,B1s,1,1,0.012,scale_up,223.79,1711.13,85.7,0.018
1/3/2024 15:30,57.25,73.66,163.48,502.05,GCP,us-west,n1-standard-1,1,3.75,0.0475,no_action,231.92,1292.28,65.45,0.1366
1/3/2024 15:35,10.08,13.53,489.78,318.12,Azure,us-west,t2.micro,1,1,0.0116,scale_down,297.8,259.22,11.8,0.0174
1/3/2024 15:40,59.56,23.78,377.65,640.23,AWS,us-east,B1s,1,1,0.012,no_action,267.21,871.44,41.67,0.018
1/3/2024 15:45,97.79,61.62,203.74,683.62,AWS,us-west,B1s,1,1,0.012,scale_up,216.8,1555.47,79.7,0.018
1/3/2024 15:50,83.42,63.76,227.14,526.09,GCP,asia-south,t2.micro,1,1,0.0116,no_action,222.29,1517.47,73.59,0.0174
1/3/2024 15:55,88.27,17.93,399.56,862.79,GCP,us-west,B1s,1,1,0.012,scale_up,244.1,998.05,53.1,0.018
1/3/2024 16:00,24.89,73.59,290.91,671.79,GCP,us-east,B1s,1,1,0.012,no_action,244.95,954.23,49.24,0.018
1/3/2024 16:05,13.73,38.99,301.89,872.14,GCP,asia-south,n1-standard-1,1,3.75,0.0475,no_action,266.32,621.72,26.36,0.1366
1/3/2024 16:10,95.78,74.73,468.57,574.83,AWS,us-east,t2.micro,1,1,0.0116,scale_up,208.66,1723.26,85.25,0.0174
1/3/2024 16:15,37.25,57.92,303.99,640.52,AWS,us-west,t2.micro,1,1,0.0116,no_action,248.44,896.59,47.59,0.0174
1/3/2024 16:20,65.55,97.28,377.43,930.34,Azure,us-west,t2.micro,1,1,0.0116,scale_up,223.65,1700.67,81.41,0.0174
1/3/2024 16:25,27.28,70,330.52,642.22,Azure,us-west,B1s,1,1,0.012,no_action,282.88,916.63,48.64,0.018
1/3/2024 16:30,40.1,56.74,138.9,824.66,GCP,asia-south,t2.micro,1,1,0.0116,no_action,270.81,929.67,48.42,0.0174
1/3/2024 16:35,49.39,34.91,301.18,412.3,Azure,asia-south,n1-standard-1,1,3.75,0.0475,no_action,237.2,844.42,42.15,0.1366
1/3/2024 16:40,76.34,13.3,263.65,402.69,GCP,us-east,B1s,1,1,0.012,no_action,271.61,914.43,44.82,0.018
1/3/2024 16:45,53.65,17.69,487.61,566.21,Azure,asia-south,B1s,1,1,0.012,no_action,250.66,743.03,35.67,0.018
1/3/2024 16:50,53.51,48.62,83.7,195.54,AWS,us-west,B1s,1,1,0.012,no_action,244.05,1052.97,51.06,0.018
1/3/2024 16:55,27.55,55.44,395.94,155.75,AWS,us-east,t2.micro,1,1,0.0116,no_action,248.66,839.83,41.49,0.0174
1/3/2024 17:00,13.28,14.75,425.37,206.18,AWS,us-east,n1-standard-1,1,3.75,0.0475,scale_down,285.19,251.34,14.02,0.1366
1/3/2024 17:05,85.96,33.62,239.77,135.93,AWS,us-west,B1s,1,1,0.012,scale_up,261.91,1124.62,59.79,0.018
1/3/2024 17:10,61.38,39.92,191.99,195.96,Azure,us-west,n1-standard-1,1,3.75,0.0475,no_action,241.54,1000.01,50.65,0.1366
1/3/2024 17:15,78.99,96.96,486.53,878.56,Azure,us-east,B1s,1,1,0.012,scale_up,228.01,1799.61,87.97,0.018
1/3/2024 17:20,35.67,66.77,255.04,533.82,AWS,us-east,n1-standard-1,1,3.75,0.0475,no_action,240.69,1072.24,51.22,0.1366
1/3/2024 17:25,38.62,93.22,75.3,537.07,GCP,asia-south,B1s,1,1,0.012,scale_up,236.13,1356.69,65.92,0.018
1/3/2024 17:30,59.18,32.48,204.47,866.84,GCP,asia-south,n1-standard-1,1,3.75,0.0475,no_action,261.18,1057.33,45.83,0.1366
1/3/2024 17:35,18.96,11.44,483.66,439.29,GCP,asia-south,t2.micro,1,1,0.0116,scale_down,277.42,313.06,15.2,0.0174
1/3/2024 17:40,71.48,93.93,309.05,213.5,AWS,us-west,B1s,1,1,0.012,scale_up,231.92,1676.53,82.71,0.018
1/3/2024 17:45,46.58,89.19,341.91,909.32,AWS,us-west,n1-standard-1,1,3.75,0.0475,scale_up,222.61,1373.63,67.88,0.1366
1/3/2024 17:50,37.87,28.16,458.97,784.36,Azure,asia-south,n1-standard-1,1,3.75,0.0475,no_action,255.09,713,33.02,0.1366
1/3/2024 17:55,26.56,78.08,263.37,303.21,AWS,asia-south,B1s,1,1,0.012,no_action,243.22,1052.06,52.32,0.018
1/3/2024 18:00,39.36,52.17,116.58,986.19,Azure,us-east,t2.micro,1,1,0.0116,no_action,250.35,900.02,45.77,0.0174
1/3/2024 18:05,28.32,79.22,241.48,608.87,GCP,asia-south,t2.micro,1,1,0.0116,no_action,259.34,1064.18,53.77,0.0174
1/3/2024 18:10,89.67,17.8,292.26,921.91,AWS,asia-south,t2.micro,1,1,0.0116,scale_up,257.66,1055.33,53.73,0.0174
1/3/2024 18:15,22.03,94.19,388.14,947.2,GCP,us-east,t2.micro,1,1,0.0116,scale_up,230.9,1233.23,58.11,0.0174
1/3/2024 18:20,94.44,34.8,199.48,730.73,GCP,asia-south,t2.micro,1,1,0.0116,scale_up,241.33,1262.91,64.62,0.0174
1/3/2024 18:25,76.47,15.74,224.25,354.49,GCP,asia-south,n1-standard-1,1,3.75,0.0475,no_action,267.41,966.41,46.1,0.1366
1/3/2024 18:30,97.9,43.95,410.83,491.08,AWS,us-west,t2.micro,1,1,0.0116,scale_up,227.07,1430.09,70.93,0.0174
1/3/2024 18:35,95.29,29.69,196.8,780.57,Azure,asia-south,n1-standard-1,1,3.75,0.0475,scale_up,253.1,1173.28,62.49,0.1366
1/3/2024 18:40,50.01,76.81,152.75,152.61,AWS,asia-south,n1-standard-1,1,3.75,0.0475,no_action,234.16,1173.7,63.41,0.1366
1/3/2024 18:45,25.12,41.93,229.99,151.65,Azure,asia-south,t2.micro,1,1,0.0116,no_action,276.05,680.88,33.52,0.0174
1/3/2024 18:50,23.66,63.8,349.13,477.4,Azure,asia-south,t2.micro,1,1,0.0116,no_action,248.92,957.41,43.73,0.0174
1/3/2024 18:55,55.42,10.66,361.27,695.21,Azure,asia-south,t2.micro,1,1,0.0116,no_action,265.85,641.39,33.04,0.0174
1/3/2024 19:00,98.11,47.87,275.88,918.94,AWS,asia-south,B1s,1,1,0.012,scale_up,233.2,1541.72,72.99,0.018
1/3/2024 19:05,81.8,87.79,255.6,527.6,Azure,asia-south,n1-standard-1,1,3.75,0.0475,scale_up,219.09,1691.16,84.8,0.1366
1/3/2024 19:10,72.74,17.49,438.33,532.5,Azure,us-east,t2.micro,1,1,0.0116,no_action,255.75,864.95,45.11,0.0174
1/3/2024 19:15,47.54,89,141.8,843.82,AWS,us-east,B1s,1,1,0.012,scale_up,225.23,1369.61,68.27,0.018
1/3/2024 19:20,97.47,56.14,180.89,522.47,Azure,us-west,B1s,1,1,0.012,scale_up,218.87,1575.79,76.81,0.018
1/3/2024 19:25,27.34,21.62,184.04,802.04,AWS,asia-south,n1-standard-1,1,3.75,0.0475,scale_down,260.09,481.57,24.48,0.1366
1/3/2024 19:30,24.96,39.95,472.97,408.72,Azure,asia-south,t2.micro,1,1,0.0116,no_action,267.45,664.45,32.45,0.0174
1/3/2024 19:35,26.12,90.2,257.16,738.7,GCP,asia-south,B1s,1,1,0.012,scale_up,244.62,1137.74,58.16,0.018
1/3/2024 19:40,35.36,26.59,67.71,119.66,GCP,asia-south,n1-standard-1,1,3.75,0.0475,no_action,264.24,637.47,30.98,0.1366
1/3/2024 19:45,52.09,64.53,242.76,124.4,GCP,us-east,B1s,1,1,0.012,no_action,245.65,1179.38,58.31,0.018
1/3/2024 19:50,48.96,58.2,264.64,450.29,GCP,us-west,n1-standard-1,1,3.75,0.0475,no_action,257.39,993.32,53.58,0.1366
1/3/2024 19:55,93.42,96.59,279.03,507.54,AWS,asia-south,t2.micro,1,1,0.0116,scale_up,207.43,1845.59,95,0.0174
1/3/2024 20:00,35.43,35.11,232.24,998.91,AWS,us-west,n1-standard-1,1,3.75,0.0475,no_action,265.84,674.08,35.27,0.1366
1/3/2024 20:05,17.43,23.91,247.8,559.41,GCP,us-west,t2.micro,1,1,0.0116,scale_down,270.76,357.1,20.67,0.0174
1/3/2024 20:10,17.83,37.29,484.95,950.24,GCP,asia-south,t2.micro,1,1,0.0116,no_action,280.42,458.23,27.56,0.0174
1/3/2024 20:15,91.86,10.56,414.81,953.53,GCP,asia-south,n1-standard-1,1,3.75,0.0475,scale_up,249.24,1052.12,51.21,0.1366
1/3/2024 20:20,11.28,33.19,252.47,723.62,Azure,us-west,n1-standard-1,1,3.75,0.0475,no_action,281.01,354.51,22.23,0.1366
1/3/2024 20:25,58,46.51,126.12,979.71,AWS,us-west,B1s,1,1,0.012,no_action,247.69,1104.03,52.25,0.018
1/3/2024 20:30,64.29,30.45,294.7,725.47,Azure,us-east,n1-standard-1,1,3.75,0.0475,no_action,255.4,947.83,47.37,0.1366
1/3/2024 20:35,65.02,43.39,397.47,253.42,AWS,us-west,t2.micro,1,1,0.0116,no_action,230.16,1025.13,54.2,0.0174
1/3/2024 20:40,48.86,80.36,267.88,814.61,GCP,us-west,t2.micro,1,1,0.0116,no_action,216.97,1336.8,64.61,0.0174
1/3/2024 20:45,82.9,31.45,150.97,554.05,AWS,us-east,t2.micro,1,1,0.0116,no_action,244.47,1253.31,57.18,0.0174
1/3/2024 20:50,50.1,97.03,307.04,877.09,GCP,us-west,B1s,1,1,0.012,scale_up,228.53,1416.72,73.56,0.018
1/3/2024 20:55,88.12,62.48,373.11,434.84,GCP,us-east,t2.micro,1,1,0.0116,scale_up,223.78,1461.61,75.3,0.0174
1/3/2024 21:00,45.5,88.04,159.8,970.06,GCP,asia-south,B1s,1,1,0.012,scale_up,240.83,1320.81,66.77,0.018
1/3/2024 21:05,97,49.91,194.45,573.48,GCP,us-east,t2.micro,1,1,0.0116,scale_up,215.33,1515.57,73.45,0.0174
1/3/2024 21:10,76.28,14.65,72.18,447.66,GCP,asia-south,n1-standard-1,1,3.75,0.0475,no_action,240.95,855.31,45.47,0.1366
1/3/2024 21:15,54.19,38.87,136.52,378.52,GCP,us-west,n1-standard-1,1,3.75,0.0475,no_action,252.79,948.8,46.53,0.1366
1/3/2024 21:20,50.02,61.89,492.5,317.44,AWS,us-east,n1-standard-1,1,3.75,0.0475,no_action,255.64,1167.76,55.95,0.1366
1/3/2024 21:25,64.66,17.97,354.59,157.69,Azure,us-west,t2.micro,1,1,0.0116,no_action,273.78,856.58,41.31,0.0174
1/3/2024 21:30,28.99,85.75,63.66,859.43,AWS,asia-south,n1-standard-1,1,3.75,0.0475,scale_up,227.79,1136.98,57.37,0.1366
1/3/2024 21:35,22.04,95.8,82.7,279.18,AWS,us-east,n1-standard-1,1,3.75,0.0475,scale_up,253.15,1102.04,58.92,0.1366
1/3/2024 21:40,59.03,21.31,180.38,314.88,GCP,asia-south,B1s,1,1,0.012,no_action,255.59,735.12,40.17,0.018
1/3/2024 21:45,73.36,29.57,215.01,451.83,Azure,us-west,n1-standard-1,1,3.75,0.0475,no_action,242.23,1065.9,51.47,0.1366
1/3/2024 21:50,16.12,38.52,170.06,555.33,Azure,us-east,t2.micro,1,1,0.0116,no_action,277.63,565.57,27.32,0.0174
1/3/2024 21:55,86.04,42.37,359.26,381.55,GCP,us-east,n1-standard-1,1,3.75,0.0475,scale_up,237.34,1267.27,64.2,0.1366
1/3/2024 22:00,10.88,46.83,198.22,724.04,Azure,us-west,n1-standard-1,1,3.75,0.0475,no_action,263.52,628.92,28.86,0.1366
1/3/2024 22:05,83.05,36.45,250.85,754.32,GCP,us-east,n1-standard-1,1,3.75,0.0475,no_action,247.06,1137.32,59.75,0.1366
1/3/2024 22:10,64.87,92.36,120.36,776.62,AWS,asia-south,B1s,1,1,0.012,scale_up,204.77,1597.46,78.62,0.018
1/3/2024 22:15,52.7,40.04,310.69,900.1,AWS,us-west,B1s,1,1,0.012,no_action,273.11,978.66,46.37,0.018
1/3/2024 22:20,56.69,14.6,154.79,542.8,GCP,us-east,n1-standard-1,1,3.75,0.0475,no_action,254.95,684.86,35.64,0.1366
1/3/2024 22:25,55.37,39.05,166.15,517.59,Azure,us-west,B1s,1,1,0.012,no_action,256.83,979.99,47.21,0.018
1/3/2024 22:30,19.56,79.83,413.58,790.99,GCP,asia-south,B1s,1,1,0.012,no_action,253.38,952.67,49.7,0.018
1/3/2024 22:35,85.09,61.96,340.88,512.53,Azure,us-east,t2.micro,1,1,0.0116,scale_up,221.22,1472.12,73.53,0.0174
1/3/2024 22:40,67.51,17.33,245.76,363.39,AWS,us-west,n1-standard-1,1,3.75,0.0475,no_action,246.66,855.17,42.42,0.1366
1/3/2024 22:45,72.25,81.55,123.51,193.88,GCP,asia-south,n1-standard-1,1,3.75,0.0475,no_action,199.38,1640.1,76.9,0.1366
1/3/2024 22:50,19.6,68.46,440.6,845.37,AWS,us-east,B1s,1,1,0.012,no_action,249.3,890.5,44.03,0.018
1/3/2024 22:55,20.12,14.44,165.87,222.1,Azure,us-west,B1s,1,1,0.012,scale_down,275.86,273.97,17.28,0.018
1/3/2024 23:00,94.87,64.93,425.74,739.32,AWS,us-east,t2.micro,1,1,0.0116,scale_up,223.34,1571.36,79.9,0.0174
1/3/2024 23:05,34.76,67.52,203.43,997.91,AWS,asia-south,n1-standard-1,1,3.75,0.0475,no_action,239.85,974.59,51.14,0.1366
1/3/2024 23:10,93.76,12.22,363.51,752.79,GCP,asia-south,n1-standard-1,1,3.75,0.0475,scale_up,251.88,1113.4,52.99,0.1366
1/3/2024 23:15,68.26,21.55,342.58,984.23,AWS,asia-south,B1s,1,1,0.012,no_action,253.84,940.44,44.91,0.018
1/3/2024 23:20,13.6,42.61,421.88,731.35,AWS,us-west,B1s,1,1,0.012,no_action,265.21,559.05,28.11,0.018
1/3/2024 23:25,48.42,52.21,467.85,676.98,GCP,us-east,n1-standard-1,1,3.75,0.0475,no_action,252.31,908.82,50.31,0.1366
1/3/2024 23:30,15.94,97.53,212.03,530.08,Azure,asia-south,n1-standard-1,1,3.75,0.0475,scale_up,256.96,1080.4,56.73,0.1366
1/3/2024 23:35,69.6,74.38,170.66,384.1,Azure,us-west,B1s,1,1,0.012,no_action,231.51,1397.58,71.99,0.018
1/3/2024 23:40,13.58,63.79,441.36,901.75,Azure,asia-south,n1-standard-1,1,3.75,0.0475,no_action,243.5,662.18,38.69,0.1366
1/3/2024 23:45,16.93,70.37,419.57,320.19,Azure,asia-south,n1-standard-1,1,3.75,0.0475,no_action,268.08,859.37,43.65,0.1366
1/3/2024 23:50,88.94,31.89,297.76,273.24,GCP,us-east,n1-standard-1,1,3.75,0.0475,scale_up,245.1,1242.31,60.41,0.1366
1/3/2024 23:55,14.39,85.94,247.12,408.16,GCP,asia-south,t2.micro,1,1,0.0116,scale_up,241.05,1008.29,50.16,0.0174
1/4/2024 0:00,78.1,62.42,133.97,269.41,GCP,asia-south,n1-standard-1,1,3.75,0.0475,no_action,241.24,1420.03,70.26,0.1366
1/4/2024 0:05,11.57,14.41,307.75,837.55,Azure,asia-south,B1s,1,1,0.012,scale_down,275.44,193.14,12.99,0.018
1/4/2024 0:10,63.67,34.68,61.97,761.71,AWS,asia-south,n1-standard-1,1,3.75,0.0475,no_action,262.71,1075.97,49.17,0.1366
1/4/2024 0:15,76.75,70.77,142.65,417.23,GCP,asia-south,B1s,1,1,0.012,no_action,234.74,1496.08,73.76,0.018
1/4/2024 0:20,96.65,66.55,132.85,195.09,Azure,us-east,B1s,1,1,0.012,scale_up,221.63,1696.19,81.6,0.018
1/4/2024 0:25,65.65,80.33,366.47,851.01,AWS,asia-south,n1-standard-1,1,3.75,0.0475,no_action,222.4,1497.63,72.99,0.1366
1/4/2024 0:30,67.64,38.27,481.09,130.08,AWS,asia-south,B1s,1,1,0.012,no_action,235.1,1073.39,52.95,0.018
1/4/2024 0:35,74.1,25.83,155.92,544.93,Azure,asia-south,n1-standard-1,1,3.75,0.0475,no_action,254.24,970.4,49.96,0.1366
1/4/2024 0:40,55.06,92.06,115.98,681.34,AWS,asia-south,t2.micro,1,1,0.0116,scale_up,220.55,1448.27,73.56,0.0174
1/4/2024 0:45,71.51,63.43,389.67,378.52,AWS,asia-south,B1s,1,1,0.012,no_action,210.83,1289.69,67.47,0.018
1/4/2024 0:50,98.57,36.3,182.67,419.09,AWS,us-east,t2.micro,1,1,0.0116,scale_up,216.73,1369.35,67.44,0.0174
1/4/2024 0:55,92.38,33.91,453.12,193.13,GCP,us-west,n1-standard-1,1,3.75,0.0475,scale_up,243.76,1276.18,63.14,0.1366
1/4/2024 1:00,25.19,97.15,253.8,951.14,AWS,us-west,B1s,1,1,0.012,scale_up,226.96,1276.29,61.17,0.018
1/4/2024 1:05,26.95,37.34,91.86,229.48,AWS,us-west,B1s,1,1,0.012,no_action,266.08,597.26,32.15,0.018
1/4/2024 1:10,81.6,22.72,108.64,679.09,Azure,us-west,B1s,1,1,0.012,no_action,242.96,1096.92,52.16,0.018
1/4/2024 1:15,69.02,58.35,354.71,714.4,Azure,us-east,B1s,1,1,0.012,no_action,222.44,1311.89,63.69,0.018
1/4/2024 1:20,13.51,51,450.94,612.55,AWS,asia-south,t2.micro,1,1,0.0116,no_action,272.75,601.18,32.26,0.0174
1/4/2024 1:25,70.69,98.2,493.52,718.01,Azure,us-west,B1s,1,1,0.012,scale_up,222.98,1657.02,84.44,0.018
1/4/2024 1:30,19.63,80.26,459.59,444.55,GCP,asia-south,n1-standard-1,1,3.75,0.0475,no_action,239.65,1096.16,49.95,0.1366
1/4/2024 1:35,49.4,37.93,392.96,942.56,GCP,us-east,n1-standard-1,1,3.75,0.0475,no_action,260.04,902.52,43.66,0.1366
1/4/2024 1:40,32.76,16.06,170.6,920.99,Azure,us-west,B1s,1,1,0.012,no_action,289.52,530.17,24.41,0.018
1/4/2024 1:45,33.14,74.74,62.65,437.79,GCP,asia-south,B1s,1,1,0.012,no_action,236,1096.81,53.94,0.018
1/4/2024 1:50,84.07,31.15,343.53,464.68,Azure,asia-south,B1s,1,1,0.012,no_action,233.43,1163.17,57.61,0.018
1/4/2024 1:55,11.52,91.86,171.33,837.71,GCP,asia-south,n1-standard-1,1,3.75,0.0475,scale_up,256.83,972.34,51.69,0.1366
1/4/2024 2:00,96.89,92.42,276.29,815.6,AWS,us-east,n1-standard-1,1,3.75,0.0475,scale_up,199.38,1878.14,94.66,0.1366
1/4/2024 2:05,34.45,83.44,220.24,179.56,Azure,us-west,t2.micro,1,1,0.0116,no_action,229.29,1269.93,58.95,0.0174
1/4/2024 2:10,24.99,98.76,419.38,353.33,GCP,us-west,B1s,1,1,0.012,scale_up,240.22,1188.27,61.88,0.018
1/4/2024 2:15,93.59,54.71,429.33,501.3,AWS,asia-south,B1s,1,1,0.012,scale_up,236.07,1528.95,74.15,0.018
1/4/2024 2:20,25.66,42.51,336.79,163.63,GCP,us-west,n1-standard-1,1,3.75,0.0475,no_action,271.37,573.12,34.09,0.1366
1/4/2024 2:25,99.66,52.71,417.23,488.86,GCP,asia-south,B1s,1,1,0.012,scale_up,228.03,1589.21,76.19,0.018
1/4/2024 2:30,89.79,46.98,321.94,667.02,GCP,us-west,t2.micro,1,1,0.0116,scale_up,220.69,1355.02,68.39,0.0174
1/4/2024 2:35,18.42,11.5,443.09,312.83,Azure,asia-south,B1s,1,1,0.012,scale_down,291.9,257.26,14.96,0.018
1/4/2024 2:40,38.8,55.54,123.13,963.77,GCP,us-west,n1-standard-1,1,3.75,0.0475,no_action,267.25,917.78,47.17,0.1366
1/4/2024 2:45,22.95,10.78,58.99,627.94,AWS,us-west,t2.micro,1,1,0.0116,scale_down,294.6,195.42,16.86,0.0174
1/4/2024 2:50,10.67,48.04,373.13,498.42,GCP,asia-south,t2.micro,1,1,0.0116,no_action,261.77,625.69,29.36,0.0174
1/4/2024 2:55,83.18,62.96,144.84,313.05,GCP,us-west,B1s,1,1,0.012,no_action,237.89,1482.67,73.07,0.018
1/4/2024 3:00,47.41,33.25,440.16,702.34,GCP,asia-south,n1-standard-1,1,3.75,0.0475,no_action,252.88,660.89,40.33,0.1366
1/4/2024 3:05,28.38,66.41,211.43,996.08,AWS,us-east,B1s,1,1,0.012,no_action,232.43,806.28,47.39,0.018
1/4/2024 3:10,60.93,92.51,410.37,506.02,GCP,asia-south,B1s,1,1,0.012,scale_up,229.65,1615.22,76.72,0.018
1/4/2024 3:15,54.31,27.31,258.77,321.24,GCP,us-east,t2.micro,1,1,0.0116,no_action,256.7,847.53,40.81,0.0174
1/4/2024 3:20,95.7,57.97,334.19,588.65,Azure,asia-south,B1s,1,1,0.012,scale_up,220.01,1489.65,76.84,0.018
1/4/2024 3:25,18.92,66.07,251.09,800.19,AWS,us-east,t2.micro,1,1,0.0116,no_action,251.85,826.33,42.49,0.0174
1/4/2024 3:30,46.57,93.39,369.69,477.03,Azure,asia-south,t2.micro,1,1,0.0116,scale_up,221.46,1401.38,69.98,0.0174
1/4/2024 3:35,98.61,69.98,178.43,627.23,Azure,us-east,t2.micro,1,1,0.0116,scale_up,220.51,1633.14,84.3,0.0174
1/4/2024 3:40,32.09,74.58,399.57,706.08,AWS,us-west,n1-standard-1,1,3.75,0.0475,no_action,255.28,1079.27,53.34,0.1366
1/4/2024 3:45,17.08,39.78,161.73,989.21,Azure,us-west,t2.micro,1,1,0.0116,no_action,286.28,533.63,28.43,0.0174
1/4/2024 3:50,71.63,29.09,157.55,353.16,Azure,us-east,t2.micro,1,1,0.0116,no_action,235.2,983.05,50.36,0.0174
1/4/2024 3:55,11.77,89.15,484.52,407.41,Azure,us-east,n1-standard-1,1,3.75,0.0475,scale_up,259.05,1035.54,50.46,0.1366
1/4/2024 4:00,23.19,24.37,405.54,654.66,Azure,us-west,n1-standard-1,1,3.75,0.0475,scale_down,277.48,452.14,23.78,0.1366
1/4/2024 4:05,37.8,43.19,396.38,829.84,Azure,us-east,n1-standard-1,1,3.75,0.0475,no_action,265.28,803.47,40.49,0.1366
1/4/2024 4:10,46.58,79.47,267.74,907.78,GCP,us-west,B1s,1,1,0.012,no_action,230.89,1290.13,63.02,0.018
1/4/2024 4:15,82.46,86.51,180.12,957.03,AWS,us-east,B1s,1,1,0.012,scale_up,239.4,1748.91,84.48,0.018
1/4/2024 4:20,68.06,11.53,482.17,140.13,Azure,us-east,B1s,1,1,0.012,no_action,267.43,801.49,39.8,0.018
1/4/2024 4:25,69.94,84.04,55.98,587.81,Azure,asia-south,t2.micro,1,1,0.0116,no_action,222.2,1381.28,76.99,0.0174
1/4/2024 4:30,16.5,71.6,276.45,788.63,AWS,us-west,t2.micro,1,1,0.0116,no_action,244.06,878.51,44.05,0.0174
1/4/2024 4:35,68.34,25.51,442.58,651.8,AWS,us-west,n1-standard-1,1,3.75,0.0475,no_action,245.17,940.2,46.93,0.1366
1/4/2024 4:40,66.41,32.79,411.66,836.04,AWS,asia-south,n1-standard-1,1,3.75,0.0475,no_action,250.42,1012.74,49.6,0.1366
1/4/2024 4:45,50.95,77.81,109.61,592.22,AWS,us-east,n1-standard-1,1,3.75,0.0475,no_action,226.94,1292.49,64.38,0.1366
1/4/2024 4:50,47.62,86.8,435.27,189.31,Azure,asia-south,t2.micro,1,1,0.0116,scale_up,230.43,1323.86,67.21,0.0174
1/4/2024 4:55,88.73,21.6,374,191.05,GCP,us-west,n1-standard-1,1,3.75,0.0475,scale_up,229.86,1167.35,55.17,0.1366
1/4/2024 5:00,81,31.03,337.64,312.11,Azure,asia-south,B1s,1,1,0.012,no_action,250.7,1139.51,56.02,0.018
1/4/2024 5:05,21.41,87.99,317.11,214.4,GCP,us-east,B1s,1,1,0.012,scale_up,233.47,1081.36,54.7,0.018
1/4/2024 5:10,73.03,78.3,97.61,555.53,GCP,us-west,t2.micro,1,1,0.0116,no_action,230.79,1514.27,75.66,0.0174
1/4/2024 5:15,58.21,45.48,431.69,543.68,AWS,us-west,t2.micro,1,1,0.0116,no_action,237.2,878.06,51.84,0.0174
1/4/2024 5:20,86.21,84.87,231.58,399.97,Azure,us-west,B1s,1,1,0.012,scale_up,242.01,1695.52,85.54,0.018
1/4/2024 5:25,31.45,81.46,268.92,400.64,GCP,asia-south,t2.micro,1,1,0.0116,no_action,240.89,1109.11,56.45,0.0174
1/4/2024 5:30,95.44,37.46,125.99,514.61,AWS,asia-south,n1-standard-1,1,3.75,0.0475,scale_up,238.41,1231.53,66.45,0.1366
1/4/2024 5:35,59.65,42.09,251.29,968.97,GCP,asia-south,B1s,1,1,0.012,no_action,235.18,982,50.87,0.018
1/4/2024 5:40,31.91,51.2,391.78,285.39,AWS,us-east,B1s,1,1,0.012,no_action,272.72,810.13,41.55,0.018
1/4/2024 5:45,40.49,60.74,142.24,767.8,Azure,us-west,n1-standard-1,1,3.75,0.0475,no_action,252.46,999.91,50.62,0.1366
1/4/2024 5:50,41.73,75.04,193.65,915.32,Azure,us-west,t2.micro,1,1,0.0116,no_action,240.03,1158.51,58.39,0.0174
1/4/2024 5:55,54.37,17.37,138.19,949.39,GCP,asia-south,t2.micro,1,1,0.0116,no_action,263.5,729.46,35.87,0.0174
1/4/2024 6:00,93.1,59.03,171.38,732.16,AWS,us-east,n1-standard-1,1,3.75,0.0475,scale_up,232.62,1461.98,76.06,0.1366
1/4/2024 6:05,14.68,20.23,51.76,999.51,GCP,us-east,t2.micro,1,1,0.0116,scale_down,288.42,380.09,17.45,0.0174
1/4/2024 6:10,55.88,37.01,118.07,356.21,GCP,us-west,t2.micro,1,1,0.0116,no_action,267.06,896.22,46.45,0.0174
1/4/2024 6:15,58.57,16.97,58.11,192.1,GCP,us-west,n1-standard-1,1,3.75,0.0475,no_action,269.09,748.32,37.77,0.1366
1/4/2024 6:20,67.37,82.16,259.87,425.5,GCP,asia-south,B1s,1,1,0.012,no_action,219.62,1519.27,74.77,0.018
1/4/2024 6:25,56.1,53.86,331.29,951.57,Azure,us-east,n1-standard-1,1,3.75,0.0475,no_action,256.84,1216.78,54.98,0.1366
1/4/2024 6:30,14.53,15.66,134.31,129.22,Azure,us-west,B1s,1,1,0.012,scale_down,293.61,349.34,15.09,0.018
1/4/2024 6:35,22.25,85.25,119.65,371.06,AWS,us-east,B1s,1,1,0.012,scale_up,239.38,1007.47,53.75,0.018
1/4/2024 6:40,32.92,54.01,233.33,987.91,AWS,us-west,n1-standard-1,1,3.75,0.0475,no_action,258,843.19,43.47,0.1366
1/4/2024 6:45,14.91,85.28,280.37,574.31,AWS,us-west,B1s,1,1,0.012,scale_up,237.46,1013.54,50.09,0.018
1/4/2024 6:50,27.79,38.69,317.07,289.11,Azure,asia-south,n1-standard-1,1,3.75,0.0475,no_action,259.95,713.19,33.24,0.1366
1/4/2024 6:55,22.21,23.11,363.84,678.53,Azure,us-east,B1s,1,1,0.012,scale_down,268.82,476.97,22.66,0.018
1/4/2024 7:00,31.91,85.8,144.19,165.27,GCP,us-west,B1s,1,1,0.012,scale_up,233.43,1257.58,58.85,0.018
1/4/2024 7:05,92.8,68.52,90.69,953.07,AWS,us-east,t2.micro,1,1,0.0116,scale_up,211.12,1552.24,80.66,0.0174
1/4/2024 7:10,46.2,14.61,273.43,210.99,GCP,us-east,n1-standard-1,1,3.75,0.0475,no_action,252.71,552.1,30.41,0.1366
1/4/2024 7:15,79.56,82.29,119.04,429.9,Azure,asia-south,n1-standard-1,1,3.75,0.0475,no_action,208.8,1599.84,80.93,0.1366
1/4/2024 7:20,81.86,73.65,135.67,430.05,GCP,asia-south,B1s,1,1,0.012,no_action,224.92,1513.92,77.75,0.018
1/4/2024 7:25,20.92,98.73,401.31,451.21,GCP,asia-south,B1s,1,1,0.012,scale_up,248.45,1204.4,59.83,0.018
1/4/2024 7:30,59.87,25.7,220.42,858.83,AWS,us-east,B1s,1,1,0.012,no_action,270.73,920.34,42.78,0.018
1/4/2024 7:35,88.01,90.46,463.91,185.36,Azure,us-east,B1s,1,1,0.012,scale_up,227.4,1799.96,89.23,0.018
1/4/2024 7:40,78.12,64.6,125.05,817.68,GCP,asia-south,B1s,1,1,0.012,no_action,224.15,1439.13,71.36,0.018
1/4/2024 7:45,51.74,25.66,201.86,116.27,GCP,us-east,B1s,1,1,0.012,no_action,272.27,664.44,38.7,0.018
1/4/2024 7:50,65.76,69.71,426.33,293.92,AWS,us-east,B1s,1,1,0.012,no_action,232.3,1416.2,67.73,0.018
1/4/2024 7:55,98.33,18.76,186.38,674.4,Azure,us-east,B1s,1,1,0.012,scale_up,247.33,1160.62,58.55,0.018
1/4/2024 8:00,15.91,59.45,315.89,687.46,Azure,us-east,t2.micro,1,1,0.0116,no_action,254.92,686.87,37.68,0.0174
1/4/2024 8:05,85.93,27.54,422.09,606.39,GCP,asia-south,n1-standard-1,1,3.75,0.0475,scale_up,251.16,1183.18,56.73,0.1366
1/4/2024 8:10,28.68,61.19,440.48,488.9,AWS,asia-south,t2.micro,1,1,0.0116,no_action,254.55,923.85,44.94,0.0174
1/4/2024 8:15,22.85,45.05,478.27,387.75,Azure,asia-south,n1-standard-1,1,3.75,0.0475,no_action,259.49,667.21,33.95,0.1366
1/4/2024 8:20,75.21,38.04,402.32,498.39,AWS,asia-south,n1-standard-1,1,3.75,0.0475,no_action,258.66,1128.45,56.62,0.1366
1/4/2024 8:25,44.41,49.88,219.29,430.61,AWS,us-west,t2.micro,1,1,0.0116,no_action,266.64,948.69,47.14,0.0174
1/4/2024 8:30,42.56,57.18,351.83,342.5,Azure,us-west,n1-standard-1,1,3.75,0.0475,no_action,253,990.04,49.87,0.1366
1/4/2024 8:35,75.12,61.95,341.47,126.37,Azure,us-east,B1s,1,1,0.012,no_action,233.39,1490.31,68.53,0.018
1/4/2024 8:40,59.12,42.35,86.66,274.01,GCP,asia-south,n1-standard-1,1,3.75,0.0475,no_action,248.12,1043.04,50.73,0.1366
1/4/2024 8:45,52,14.74,66.9,745.46,Azure,us-east,n1-standard-1,1,3.75,0.0475,no_action,273.74,823.05,33.37,0.1366
1/4/2024 8:50,31.88,77.03,125.71,270.94,GCP,us-east,B1s,1,1,0.012,no_action,227.59,1072.6,54.45,0.018
1/4/2024 8:55,32.27,68.07,342.94,842.07,AWS,asia-south,t2.micro,1,1,0.0116,no_action,242.49,996.32,50.17,0.0174
1/4/2024 9:00,34.63,98.2,318.32,738.76,AWS,us-west,n1-standard-1,1,3.75,0.0475,scale_up,233.67,1316.42,66.42,0.1366
1/4/2024 9:05,13.38,61.23,464.35,971.58,Azure,us-east,B1s,1,1,0.012,no_action,241.65,848.21,37.3,0.018
1/4/2024 9:10,95.05,70.62,79.2,519.15,AWS,us-east,n1-standard-1,1,3.75,0.0475,scale_up,215.31,1576.73,82.84,0.1366
1/4/2024 9:15,50.99,62.39,210.55,247.84,AWS,us-west,n1-standard-1,1,3.75,0.0475,no_action,256.19,1134.53,56.69,0.1366
1/4/2024 9:20,69.76,40.45,470.99,920.99,AWS,us-east,B1s,1,1,0.012,no_action,252.21,1129.02,55.11,0.018
1/4/2024 9:25,97.11,90.09,320.24,577.05,Azure,asia-south,n1-standard-1,1,3.75,0.0475,scale_up,228.25,1837.66,93.6,0.1366
1/4/2024 9:30,60.15,76.84,175.9,608.46,GCP,us-west,n1-standard-1,1,3.75,0.0475,no_action,229.8,1329.26,68.5,0.1366
1/4/2024 9:35,77.51,72.41,495.79,350.1,GCP,us-west,t2.micro,1,1,0.0116,no_action,204.3,1498.1,74.96,0.0174
1/4/2024 9:40,49.65,87.13,357.89,894.2,Azure,asia-south,B1s,1,1,0.012,scale_up,235.03,1354.23,68.39,0.018
1/4/2024 9:45,15.38,89.97,198.08,383.13,AWS,asia-south,n1-standard-1,1,3.75,0.0475,scale_up,254.42,1054.47,52.67,0.1366
1/4/2024 9:50,14.3,41.7,435.46,456.45,AWS,us-east,B1s,1,1,0.012,no_action,268.65,492.95,28,0.018
1/4/2024 9:55,44.7,92.39,392.87,554.6,GCP,asia-south,t2.micro,1,1,0.0116,scale_up,231.25,1385.36,68.55,0.0174
1/4/2024 10:00,15.24,33.6,246.23,241.21,Azure,us-east,t2.micro,1,1,0.0116,no_action,281.68,410.63,24.42,0.0174
1/4/2024 10:05,74.93,94.72,446.74,563.67,AWS,us-west,n1-standard-1,1,3.75,0.0475,scale_up,218.52,1770.4,84.83,0.1366
1/4/2024 10:10,59.74,20.33,106.76,576.58,Azure,asia-south,B1s,1,1,0.012,no_action,269.53,916.93,40.03,0.018
1/4/2024 10:15,97.19,53.58,78.62,596.52,GCP,asia-south,n1-standard-1,1,3.75,0.0475,scale_up,206.41,1472.41,75.38,0.1366
1/4/2024 10:20,91.6,27.21,326.94,465.14,AWS,us-east,n1-standard-1,1,3.75,0.0475,scale_up,239.44,1170.8,59.41,0.1366
1/4/2024 10:25,33.87,71.75,476.96,341.24,GCP,us-east,n1-standard-1,1,3.75,0.0475,no_action,239.52,1059.6,52.81,0.1366
1/4/2024 10:30,94.06,78.97,346.08,841.51,AWS,asia-south,t2.micro,1,1,0.0116,scale_up,215.97,1734.21,86.52,0.0174
1/4/2024 10:35,74.26,93.22,282.71,205.36,AWS,asia-south,n1-standard-1,1,3.75,0.0475,scale_up,205.52,1678.85,83.74,0.1366
1/4/2024 10:40,63.32,53.42,330.16,109.04,Azure,us-east,t2.micro,1,1,0.0116,no_action,241.23,1097.19,58.37,0.0174
1/4/2024 10:45,95.55,44.52,240.97,743.23,AWS,us-east,t2.micro,1,1,0.0116,scale_up,214.14,1441.54,70.03,0.0174
1/4/2024 10:50,46.97,29.59,484.71,217.57,Azure,us-east,n1-standard-1,1,3.75,0.0475,no_action,259.14,762.12,38.28,0.1366
1/4/2024 10:55,29.96,80.24,140.53,172.06,Azure,asia-south,B1s,1,1,0.012,no_action,242.16,1101.29,55.1,0.018
1/4/2024 11:00,17.63,82.69,397.16,923.62,AWS,us-east,B1s,1,1,0.012,no_action,254.2,1045.39,50.16,0.018
1/4/2024 11:05,14.71,80.46,430.48,819.17,AWS,us-west,n1-standard-1,1,3.75,0.0475,no_action,236.59,954.21,47.58,0.1366
1/4/2024 11:10,86.08,75.44,491.34,240.12,AWS,asia-south,t2.micro,1,1,0.0116,scale_up,212.32,1582.25,80.76,0.0174
1/4/2024 11:15,81.33,26.82,80,998.7,AWS,us-east,B1s,1,1,0.012,no_action,256.26,1061.13,54.08,0.018
